"Name";"Domain name";"IP Address";"NumCpu";"MemoryGB";"SSD/GB";"SAS/GB";"NLSAS/GB";"RAW/GB";"Organization";"Organisation prefix";"Services";"PowerState";"Responsible"
"atl-estaff";"srvestaff.gw-ad.local";"192.168.254.118";"2";"8";;;"200";"";"Литвуд";"ЛН";"Estaff";"PoweredOn";""
"host-ask-bridge";"host-ask-bridge";"172.19.180.114|fe80::250:56ff:feae:237f|10.0.0.8|fe80::250:56ff:feae:a721";"2";"2";;"100";;"";"ТД Аскона";"ТДА-ВЭБ";"Web-ASK";"PoweredOn";""
"ask-web-ha-price";"ha-price";"192.168.253.10|fe80::250:56ff:feae:c99a|172.19.0.1|fe80::42:81ff:fe2a:19b5|172.18.0.1|fe80::42:7bff:feef:503";"2";"2";;"100";;"";"ТД Аскона";"ТДА-ОПТ";"WEB";"PoweredOn";""
"atl-srv-dc-01";"srv-dc-01.gw-ad.local";"192.168.254.145";"4";"10";;"100";;"";"";"";"";"PoweredOn";""
"td-1c-web";"1c-web-td.gw-ad.local";"192.168.254.17";"2";"6";"100";;;"";"Биёса, ООО";"БР";"WEB 1C";"PoweredOn";""
"host-ask-dev-elasticsearch";"host-ask-dev-es";"10.0.0.21|fe80::250:56ff:fe85:ddfa|172.19.180.117|fe80::250:56ff:fe85:bed9";"12";"16";;"100";;"";"ТД Аскона";"ТДА-ВЭБ";"Web-ASK";"PoweredOn";""
"atl-rdtsh-01";"atl-rdtsh-01.gw-ad.local";"";"12";"30";"300";;;"";"АТЛАНТА";"К";"";"PoweredOff";""
"ss-ws-01";"ss-ws-01.gw-ad.local";"";"2";"4";;;"200";"";"Софт Слип ООО";"СС";"";"PoweredOff";""
"dbg-ws-01";"dbg-ws-01.gw-ad.local";"";"2";"4";;;"200";"";"Курорт Доброград ООО";"АТ";"WS";"PoweredOff";""
"tda-blockchain-test-02";"blockchain-test-2";"";"1";"4";;;"150";"";"Аскона-Тех";"ЛН-ТЕХ";"Blockchain";"PoweredOff";""
"HostingGW";"localhost.localdomain";"";"1";"2";;"100";;"";"Курорт Доброград";"АТ";"Web";"PoweredOff";""
"atl-sharepoint-2013-mssql";"sharesql.gw-ad.local";"192.168.254.55|fe80::4028:8108:9153:17d9";"8";"16";;"6050";;"";"АТЛАНТА";"К";"MS SQL";"PoweredOn";""
"host-ask-web-infobus-01";"host-ask-web-infobus-01";"172.18.0.1|10.0.0.25|fe80::250:56ff:fe85:e840|192.168.128.1|fe80::42:10ff:fe58:ab19|172.16.58.1|fe80::42:d2ff:fe80:d9fd|172.16.57.1|172.19.180.119|fe80::250:56ff:fe85:7bb8|172.29.0.1|fe80::42:b5ff:fe4d:4a63";"8";"12";;"120";;"";"ТД Аскона";"ТДА-ВЭБ";"Web-ASK";"PoweredOn";""
"ask-cognos-dwh-sql";"AT-COGNOS-DWH.hcaskona.com";"192.168.10.120";"40";"382";"13766";"4096";;"900 800";"Аскона-Век";"АВ-БСП";"Cognos";"PoweredOn";""
"atl-rds-ts-04-oof-test";"ts04t.gw-ad.local";"";"6";"20";;;"350";"";"АТЛАНТА";"К";"RDS";"PoweredOff";"SmetaninAV"
"atl-rds-ts-08";"TS08.gw-ad.local";"";"16";"78";;"460";;"";"АТЛАНТА";"К";"RDS";"PoweredOff";"SmetaninAV"
"ltv-qlik";;"";"4";"16";;;"100";"";"АТЛАНТА";"К";"";"PoweredOff";""
"ask-omni-lk-prod";"prod-omnilk-app01.pos.askona.ru";"172.30.0.1|fe80::42:22ff:feb1:b241";"8";"16";"100";;;"";"ТД Аскона";"ТДА-ДОМ";"";"PoweredOn";""
"host-dobrogradru";"host-dobrogradru";"185.189.16.79|fe80::250:56ff:fe85:e89f";"4";"6";;"100";;"";"Курорт Доброград";"АТ";"Web";"PoweredOn";""
"kz-1c-repository1с";"srv-kz-repository1c.gw-ad.local";"192.168.255.12";"4";"8";;"250";;"";"Аскона Казахстан";"АКЗ";"1С";"PoweredOn";""
"atl-sharepoint-2013-owa";"shareowa.gw-ad.local";"192.168.254.58|fe80::54fc:7522:a907:b8f6";"10";"52";;"250";;"";"АТЛАНТА";"К";"SharePoint";"PoweredOn";""
"ask-vm-hilding";"vm-hilding";"185.189.16.174|fe80::250:56ff:feae:f94";"2";"4";;"200";;"";"ТД Аскона";"ТДА-ОПТ";"Web";"PoweredOn";""
"atl-kaspersky-smg-02";"srv-ksmg-02.gw-ad.local";"192.168.254.199|fe80::250:56ff:fe85:4102";"4";"4";;"100";;"";"АТЛАНТА";"К";"Kaspersky";"PoweredOn";"SmetaninAV"
"atl-exch-cas-01";"cas01.gw-ad.local";"192.168.254.30";"2";"6";;"300";;"";"АТЛАНТА";"К";"Exchange";"PoweredOn";"SmetaninAV"
"atl-sharepoint-2016-mssql";"sharesql2016.gw-ad.local";"192.168.254.20";"2";"16";"450";;;"";"АТЛАНТА";"К";"MS SQL";"PoweredOn";""
"ltv-basis-mebel";"BasisMebel.gw-ad.local";"192.168.254.59";"4";"4";;"199,874042510986";;"";"Литвуд";"ЛН";"";"PoweredOn";""
"ask-marketing-project";"ask-marketing-project";"185.189.16.161|fe80::250:56ff:feae:d494|192.168.10.30|fe80::250:56ff:feae:db95";"4";"4";;"20";"10240";"";"ТД Аскона";"ТДА-МАС";"Web";"PoweredOn";""
"atl-radius-net-01";"npsradius.gw-ad.local";"192.168.254.65|fe80::c01b:61a0:ff79:4971";"4";"4";;"100";;"";"АТЛАНТА";"К";"NPS";"PoweredOn";"SmetaninAV"
"atl-vpn-users-01";"ROS-KVR-VPN_USERS-1";"192.168.254.10";"2";"3";;;"0,125";"";"АТЛАНТА";"К";"VPN";"PoweredOn";"SmetaninAV"
"bitrix-andria";;"";"2";"4";;"19,578125";;"";"Диджитал Адванс";"ДА";"Web";"PoweredOn";""
"dbgp-blockchain-api";"dbgp-bc-api";"172.19.60.1|192.168.255.23|fe80::250:56ff:feae:d0f8";"2";"2";"100";;;"";"Доброград Проперти";"ДП";"";"PoweredOn";""
"atl-sharepoint-2019-mssql";"sharesql2019.gw-ad.local";"192.168.254.194";"2";"8";;"1650";;"";"АТЛАНТА";"К";"MS SQL";"PoweredOn";""
"Host_PKMC_bitrixn";"pkmc.gw-ad.local";"185.189.16.43|fe80::250:56ff:fe9e:2a82";"2";"8";;;"100";"";"ПКМЦ";"АМС";"Web";"PoweredOn";""
"atl-1c-mssql-work03";"srv-mssql1c-03.gw-ad.local";"192.168.254.117";"16";"32";"2400";;;"";"Атланта";"К";"";"PoweredOn";""
"host-MK-Stolica-01";"telemed";"185.189.18.11|fe80::250:56ff:feae:7688";"8";"12";;;"720";"";"";"";"";"PoweredOn";""
"host-ask-bitrix-ha-01n";"host-ask-ha";"185.189.16.141|fe80::250:56ff:feae:ba12|172.19.180.102|fe80::250:56ff:feae:a5b4";"16";"24";"700";;;"";"ТД Аскона";"ТДА-ОПТ";"";"PoweredOn";""
"host-ask-bitrix-beyosa2";"host-ask-beyosa2";"185.189.16.168|fe80::250:56ff:feae:7457|172.19.180.114|fe80::250:56ff:feae:2650";"16";"24";"700";;;"";"Биёса";"БР";"";"PoweredOn";""
"ask-omni-lk-stage";"stage-omni-lk01.korusdev.com";"192.168.10.178|fe80::250:56ff:feae:3885";"4";"8";"200";;;"";"ТД Аскона";"ТДА-ДОМ";"";"PoweredOn";""
"ask-it-ws-04";"ask-it-ws-04.gw-ad.local";"172.19.27.49";"4";"8";;"100";;"";"Аскона-Тех";"ЛН-ТЕХ";"";"PoweredOn";""
"investbitrix24";"investbitrix24";"185.189.16.64|fe80::250:56ff:fe85:9e0d";"6";"8";;"300";;"";"СЗ Аскона Инвест";"СД";"Web";"PoweredOn";""
"atl-jirasrv";"jira.gw-ad.local";"192.168.254.225";"8";"24";;"500";;"";"АТЛАНТА";"К";"Jira";"PoweredOn";"SmetaninAV"
"fud-blockchain-api";"foodcourt-bc-api";"172.19.60.1|192.168.254.157|fe80::250:56ff:feae:132";"2";"2";"100";;;"";"Фудкорт";"ФК";"";"PoweredOn";""
"atl-srv-powerbi";;"";"8";"24";"200";;;"";"АТЛАНТА";"К";"";"PoweredOff";""
"atl-infrastructure-kms-n2";"KMS.gw-ad.local";"192.168.254.6";"4";"4";;"100";;"";"АТЛАНТА";"К";"";"PoweredOn";""
"atl-1c-app-04-all";"1c-app-gw-04.gw-ad.local";"192.168.254.154";"18";"102";"520";;;"";"АТЛАНТА";"К";"1C APP";"PoweredOn";""
"42-test-bitpr";"bitpr";"";"2";"4";;"100";;"";"";"";"";"PoweredOff";""
"askukr-1с-app-03";;"";"8";"12";;"200";;"";"Аскона Украина";"АУ";"1C APP";"PoweredOff";"SmetaninAV"
"host-ask-dev-sql";"host-ask-dev-sql";"10.0.0.22|fe80::250:56ff:fe85:29b2|172.19.180.118|fe80::250:56ff:fe85:8bd7";"12";"20";"1000";;;"";"ТД Аскона";"ТДА-ВЭБ";"Web-ASK";"PoweredOn";""
"atl-rdts-balancing";"srv-rds-balancing.gw-ad.local";"172.19.180.199";"2";"8";"100";;;"";"АТЛАНТА";"К";"RDS";"PoweredOn";"SmetaninAV"
"Win10ttt";;"";"2";"4";"32";;;"";"";"";"";"PoweredOff";""
"ask-it-ws-03";;"";"2";"4";;"200";;"";"АТЛАНТА";"К";"IT-WS";"PoweredOff";""
"atl-rms-01";"srv-rms-host-01.gw-ad.local";"192.168.255.11";"2";"6";;"100";;"";"Атланта";"К";"";"PoweredOn";""
"host-ask-web-dev";"host-ask-web-dev";"185.189.16.66|fe80::250:56ff:fe85:c4e9|172.19.180.116|fe80::250:56ff:feae:56bc|10.0.0.23|fe80::250:56ff:fe85:aa40";"12";"16";"290";;;"";"ТД Аскона";"ТДА-ВЭБ";"Web-ASK";"PoweredOn";""
"host-ask-ha-02";"HostHA02";"185.189.16.38|fe80::250:56ff:fe9e:e5e|192.168.11.2|fe80::250:56ff:fe9e:4b4d";"12";"16";;;"1031,2666015625";"";"ТД Аскона";"ТДА-ОПТ";"Web-HA";"PoweredOn";""
"atl-directum-mssql";"mssqldirectum.gw-ad.local";"192.168.254.231|fe80::ad86:728a:1328:823e";"12";"72";"2350";;;"";"АТЛАНТА";"К";"MS SQL";"PoweredOn";"SmetaninAV"
"atl-it-ws-doronin";"doroninpc.gw-ad.local";"";"4";"8";;;"150";"";"";"";"";"PoweredOff";"DoroninR"
"atl-backup-01";"bv-store-02";"";"4";"6";;"350";;"";"АТЛАНТА";"К";"Veem Backup";"PoweredOff";"SmetaninAV"
"atl-zabbix-servers";"atl-zabbix-servers";"192.168.254.49";"2";"4";;"150";;"";"АТЛАНТА";"К";"Zabbix";"PoweredOn";""
"Host_DBG_bitrix_test";;"";"2";"16";;;"200";"";"Курорт Доброград";"АТ";"Web";"PoweredOff";""
"tda-blockchain-node-gal-01";"bc-node2";"185.189.16.122|192.168.254.132";"2";"4";;"200";;"";"Аскона-Тех";"ЛН-ТЕХ";"Blockchain";"PoweredOn";""
"atl-blockchain-test-01";"blockchain-test-1";"185.189.16.74|192.168.254.88";"1";"4";;;"100";"";"АТЛАНТА";"К";"Blockchain";"PoweredOn";"GalitskiyEM"
"atl-ti-ws-c1025hc-sokolovd";"c1025_2.hcaskona.com";"";"6";"12";;;"765,763671875";"";"АТЛАНТА";"К";"";"PoweredOff";""
"atl-ic-vdi-004";"atl-ic-vdi-004.gw-ad.local";"172.19.27.23";"2";"6";;"100";;"";"Литвуд";"ЛН";"WS-VDI";"PoweredOn";""
"atl-lvs-emulator";"LVS_emulator.gw-ad.local";"";"4";"8";;;"240";"";"АТЛАНТА";"К";"";"PoweredOff";"SmetaninAV"
"ltv-slv-blockchain-node";"bc_node_solvis";"185.189.16.77|192.168.254.187";"4";"4";;"200";;"";"Литвуд";"ЛН";"Blockchain";"PoweredOn";""
"atl-directum-test";"dirtest.gw-ad.local";"";"4";"4";;;"200";"";"АТЛАНТА";"К";"Directum";"PoweredOff";"SmetaninAV"
"atl-rds-econom";"srv-rds-econom.gw-ad.local";"172.19.180.215";"18";"32";"300";;;"";"АТЛАНТА";"К";"RDS";"PoweredOn";"SmetaninAV"
"atl-srv-netmon";"srv-netmon.gw-ad.local";"192.168.254.79";"4";"16";"200";;;"";"ООО Атланта";"К";"";"PoweredOn";"Сметанин А.В,"
"ltv-1c-app-07-erp-dev";"1c-app-07-pmt.gw-ad.local";"192.168.254.120|fe80::3cd7:8a63:5ea9:49fa";"12";"80";;"500";;"";"Литвуд";"ЛН";"1C APP";"PoweredOn";""
"dbgp-blockchain-node";"dbgp-bc-node";"185.189.16.171|192.168.255.24";"4";"4";"200";;;"";"Доброград Проперти";"ДП";"";"PoweredOn";""
"vm-ask-ncloud-bpmimg-01";"bpmimg";"185.189.16.106|fe80::250:56ff:fe85:f3f";"4";"6";;"100";;"";"Аскона-Век";"АВ-ПР";"NextCloud";"PoweredOn";""
"atl-1c-hasp-04";"hasp04.gw-ad.local";"192.168.254.54|fe80::54da:e416:6852:ccb7";"4";"2";;"200";;"";"АТЛАНТА";"К";"1C hasp";"PoweredOn";"SmetaninAV"
"atl-ncloud-01";"ncloud";"185.189.16.107|fe80::250:56ff:fe85:b91b|192.168.254.92|fe80::250:56ff:fe85:2fa1";"4";"8";"400";;;"";"АТЛАНТА";"К";"NextCloud";"PoweredOn";"SmetaninAV"
"host-dobrograd-apartments";"apartments";"185.189.16.83|fe80::24d0:d53e:cb2a:2340";"1";"2";;"30";;"";"Курорт Доброград";"АТ";"Web";"PoweredOn";"d.sokolov"
"atl-rds-ts-12-micros";;"";"6";"26";;"350";;"";"Курорт Доброград";"АТ";"RDS";"PoweredOn";""
"atl-ic-vdi-008";"atl-ic-vdi-008.gw-ad.local";"172.19.27.27";"4";"12";;"100";;"";"Аскона Тех ООО";"ААЛ";"WS-VDI";"PoweredOn";"Синичкин"
"atl-ic-vdi-012";"atl-ic-vdi-012.gw-ad.local";"172.19.27.35";"2";"6";;"100";;"";"АйСи";"ТДД";"WS-VDI";"PoweredOn";""
"atl-1c-app-02-sng";"1c-app-gw-02.gw-ad.local";"192.168.254.156";"18";"78";;"720";;"";"АТЛАНТА";"К";"1C APP";"PoweredOn";"SmetaninAV"
"msk-pkmc-fs";"msk-pkmc-fs.gw-ad.local";"192.168.47.33";"12";"48";;"1224";;"";"ПКМЦ";"АМС";"";"PoweredOn";""
"erv-machine";"erv-machine";"192.168.254.184|fe80::250:56ff:feae:a574|172.18.0.1|fe80::42:26ff:fe83:6b22";"4";"6";"100";;;"";"42";"МТ";"";"PoweredOn";""
"dbg_mobile_application_dev";"dbgmobileapplication";"185.189.16.175|fe80::250:56ff:feae:85e8";"4";"4";;"80";;"";"Атланта";"К";"";"PoweredOn";""
"atl-it-ws-oss";"atl-it-ws-oss.gw-ad.local";"172.19.180.141|fe80::24fb:b868:3c1b:2b09";"8";"16";;"200";;"";"АТЛАНТА";"К";"workstation";"PoweredOn";"OdintsovSS"
"atl-dev-rch-master-02";"dev-rch-master-02";"192.168.254.161|fe80::250:56ff:fe9e:bd3";"6";"8";;;"120";"";"АТЛАНТА";"К";"Portal";"PoweredOn";"SmetaninAV"
"atl-sccmss-01";"sccmss01.gw-ad.local";"192.168.254.46";"8";"12";;;"700";"";"АТЛАНТА";"К";"";"PoweredOn";"SmetaninAV"
"atl-srv-adfs-01";"srv-adfs-01.gw-ad.local";"192.168.254.112";"2";"4";;"100";;"";"Атланта";"К";"ADFS";"PoweredOn";""
"vchv-connect-app-volumes";"vchv-connect-01.gw-ad.local";"192.168.254.23";"6";"12";;"100";;"";"АТЛАНТА";"К";"";"PoweredOn";""
"atl-1c-mssql-test";"srv-mssql1c-test.gw-ad.local";"192.168.254.119|fe80::652a:84bb:556a:ac4";"16";"48";"7500";"2200";;"";"Атланта";"К";"";"PoweredOn";""
"atl-radius-ent-01";"nps-1-wifi-enterprise.gw-ad.local";"192.168.254.195";"2";"4";;"100";;"";"АТЛАНТА";"К";"";"PoweredOn";""
"42-webdev01";"42-webdev01";"185.189.16.10|172.20.0.1|fe80::42:d5ff:fe7b:80c4|192.168.32.1|fe80::42:1fff:fe30:1bea|192.168.96.1|fe80::42:caff:fe8a:5bda|192.168.144.1|fe80::42:58ff:feff:43b0|192.168.112.1|fe80::42:f8ff:fea2:ed59|172.23.0.1|fe80::42:acff:fea3:3e6|192.168.128.1|fe80::42:9fff:fe0b:8f9f|172.25.0.1|fe80::42:c4ff:fe34:cd74|172.27.0.1|fe80::42:77ff:fe64:8d39|172.31.0.1|fe80::42:85ff:feeb:ee60|192.168.0.1|fe80::42:aeff:fee6:e386|172.28.0.1|fe80::42:d8ff:fe01:25de|172.29.0.1|fe80::42:3fff:fe0b:d21b|192.168.16.1|fe80::42:ccff:fec2:584c";"4";"8";;"550";;"";"42-sol";"МТ";"";"PoweredOn";""
"atl-s4b-edge-01";"WIN-TUAQ76JF1J9";"fe80::40a3:d2d0:3ca4:97f3|169.254.151.243";"4";"8";;"100";;"";"АТЛАНТА";"К";"";"PoweredOn";""
"ltv-autodesk-license-01";"ATL-AUTODESK.gw-ad.local";"192.168.254.223";"2";"4";;;"100";"";"Литвуд";"ЛН";"";"PoweredOn";""
"atl-ftp-01";;"";"4";"4";;"1399,87404251099";;"";"АТЛАНТА";"К";"FTP";"PoweredOn";"SmetaninAV"
"atl-bitwarden-02";;"";"2";"6";"200";;;"";"АТЛАНТА";"К";"";"PoweredOn";""
"bitrix-stroy-invest";"sezdobrograd";"185.189.16.152|fe80::e18e:38b0:31e2:5b35";"2";"4";;"100";;"";"Билонг";"БЛ";"Web";"PoweredOn";""
"Host-VladimirVodokanal";"host-vlad-vodokanal";"185.189.16.69|fe80::250:56ff:fe85:39f7|192.168.254.207|fe80::250:56ff:fe85:fb99";"2";"4";;"100";;"";"МУП Водоканал";"ВДК";"Web";"PoweredOn";""
"bitrix_crystal-lake";;"";"1";"2";"19,578125";;;"";"ООО ""Полиформ Трейд""";"ПТ";"Web";"PoweredOn";""
"Host_ProDobro";"prodobro";"185.189.16.50|fe80::250:56ff:fe9e:57a2";"2";"4";;;"40";"";"Продобро";"ПД";"Web";"PoweredOn";""
"ask-ubuntu_qasquad";"ubuntu-qasquad";"10.0.0.31|fe80::250:56ff:feae:5a5b|172.20.0.1|fe80::42:56ff:fea6:a625|185.189.16.102|fe80::250:56ff:feae:caeb|172.19.180.125|fe80::250:56ff:feae:be01";"32";"24";;;"500";"";"Аскона-Век";"ТДА-ВЭБ";"";"PoweredOn";""
"Host_sro";"hostsro";"185.189.16.48|fe80::250:56ff:fe9e:5d89";"4";"6";;;"50";"";"Диджитал Адванс";"ДА";"Web";"PoweredOn";""
"atl-1c-hasp-02";"hasp02.gw-ad.local";"192.168.254.52";"4";"2";;"200";;"";"АТЛАНТА";"К";"1C hasp";"PoweredOn";"SmetaninAV"
"atl-dfs-02";"atl-dfs-02.gw-ad.local";"192.168.254.139|fe80::8d43:5c89:63be:a1c2";"2";"4";"100";;;"";"Атланта";"К";"";"PoweredOn";""
"host-handel-mebel";"handel-mebel";"192.168.254.253|fe80::250:56ff:feae:cea6|185.189.16.128|fe80::250:56ff:feae:443a";"2";"4";;;"100";"";"Диджитал Адванс";"ДА";"Web";"PoweredOn";""
"host-cyprus-dev";;"";"2";"4";;"100";;"";"Диджитал Адванс";"ДА";"Web";"PoweredOn";"Тесленко"
"atl-dns-01";"ns1.askonalife.com";"185.189.16.2|fe80::250:56ff:fe9e:28fd";"2";"4";;"16";;"";"АТЛАНТА";"К";"DNS";"PoweredOn";"SmetaninAV"
"atl-radius-ent-02";"nps-2-wifi-enterprise.gw-ad.local";"192.168.254.116";"2";"4";;"100";;"";"АТЛАНТА";"К";"";"PoweredOn";""
"atl-WS-Win10-Gold-image-ic";"WS-GOLD-CLONE.gw-ad.local";"172.19.27.65";"2";"6";;"100";;"";"";"";"";"PoweredOn";""
"host-kipr";"host-kipr";"185.189.16.73|fe80::250:56ff:fe85:eebe";"2";"4";;;"100";"";"Диджитал Адванс";"ДА";"Web";"PoweredOn";""
"bitrix-dolchevita-cms";"dv.digitaladvance.ru";"185.189.16.150|fe80::250:56ff:feae:7d4e";"2";"4";;"100";;"";"Дольче Вита";"АМ";"Web";"PoweredOn";""
"atl-it-ws-efimovyhas";"vm_efimovyhas.gw-ad.local";"";"4";"8";;;"200";"";"";"";"";"PoweredOff";"EfimovyhAS"
"atl-directum-prestima";"hcprest.gw-ad.local";"192.168.254.42";"4";"8";;"285";;"";"АТЛАНТА";"К";"Directum";"PoweredOn";"SmetaninAV"
"atl-1c-hasp-11";"hasp11.gw-ad.local";"";"4";"2";;"200";;"";"АТЛАНТА";"К";"1C hasp";"PoweredOff";"SmetaninAV"
"atl-srv-dc-05";"srv-dc-05.gw-ad.local";"192.168.254.5";"4";"10";"100";;;"";"Атланта";"К";"";"PoweredOn";""
"atl-vdi-2k16-01";"atl-vdi-2k16-01.gw-ad.local";"172.19.180.209";"12";"40";"300";;;"";"Аскона Украина";"ТДА-СНГ";"";"PoweredOn";""
"atl-1c-hasp-10";"hasp10.gw-ad.local";"";"4";"2";;;"200";"";"АТЛАНТА";"К";"1C hasp";"PoweredOff";"SmetaninAV"
"atl-test-centos9-gavrilov";"ansible";"192.168.253.7";"12";"16";;"100";;"";"Атланта";"К";"";"PoweredOn";"Gavrilovas"
"host-ask-sql-01n";"host-ask-sql-01n";"172.19.180.104|fe80::250:56ff:fe85:d48b|10.0.0.14|fe80::250:56ff:fe85:a886";"40";"128";"300";;;"";"ТД Аскона";"ТДА-ВЭБ";"Web-ASK";"PoweredOn";""
"42s-web-central";"42s-web-central";"192.168.254.34|fe80::250:56ff:feae:c225|185.189.16.158|fe80::250:56ff:feae:44ab|172.16.57.1|fe80::42:d5ff:fee7:105d|172.16.58.1|fe80::42:20ff:fe7b:d0d4";"2";"4";;"100";;"";"42-sol";"МТ";"";"PoweredOn";""
"atl-radius-net-03";"radius-net-03.gw-ad.local";"192.168.254.68|fe80::38f1:dc09:2bac:6fc2";"4";"8";;;"100";"";"Атланта";"К";"Радиус-для тестов";"PoweredOn";"Комаров"
"bitrix-dev-dolcevita";"dv.digitaladvance.ru";"185.189.16.155|fe80::250:56ff:feae:afc6";"2";"4";;"100";;"";"Дотьче-Вита";"АМ";"";"PoweredOn";""
"atl-ncloud-office-01";"office";"";"4";"6";"100";;;"";"АТЛАНТА";"К";"NextCloud";"PoweredOff";"SmetaninAV"
"atl-1c-hasp-13-web";;"";"4";"2";;;"200";"";"АТЛАНТА";"К";"1C hasp";"PoweredOff";"SmetaninAV"
"ltv-nifi-01";"ltv-nifi-01";"";"10";"32";"455";"100";;"";"";"";"";"PoweredOff";""
"atl-directum-hopup";"dirhopup.gw-ad.local";"";"4";"6";;;"127,001953125";"";"АТЛАНТА";"К";"Directum";"PoweredOff";"SmetaninAV"
"atl-ic-vdi-005";"atl-ic-vdi-005.gw-ad.local";"172.19.27.29";"2";"6";;"100";;"";"";"";"WS-VDI";"PoweredOn";"Mezhevova"
"atl-power-bi";"srvpowerbi.gw-ad.local";"";"4";"6";;;"100";"";"АТЛАНТА";"К";"";"PoweredOff";"SmetaninAV"
"atl-lic-rds";"srv-lic-rds.gw-ad.local";"172.19.180.195";"2";"8";"100";;;"";"АТЛАНТА";"К";"";"PoweredOn";"SmetaninAV"
"atl-sccmws-01";"sccmws01.gw-ad.local";"172.30.5.11|192.168.254.47";"4";"4";;"1000";;"";"АТЛАНТА";"К";"";"PoweredOn";"SmetaninAV"
"atl-rds-01-lic-br";"RDS01.gw-ad.local";"192.168.254.8";"4";"6";;"200";;"";"АТЛАНТА";"К";"RDS";"PoweredOn";"SmetaninAV"
"atl-radius-net-02";"radius2.gw-ad.local";"192.168.254.66|fe80::6097:6cc4:c97b:7224";"4";"4";;"100";;"";"АТЛАНТА";"К";"NPS";"PoweredOn";"SmetaninAV"
"atl-sqlconfig";"sqlconfig.gw-ad.local";"192.168.254.240|fe80::3836:ca45:9c4c:2e36";"4";"10";;"400";;"";"АТЛАНТА";"К";"MS SQL";"PoweredOn";"SmetaninAV"
"atl-directum-fs";"hcdirfs.gw-ad.local";"192.168.254.41";"12";"16";"450";;;"";"АТЛАНТА";"К";"Directum";"PoweredOn";"SmetaninAV"
"atl-backup-vproxy01";"bproxy254-02.gw-ad.local";"192.168.254.62";"12";"12";"200";;;"";"АТЛАНТА";"К";"veeam";"PoweredOn";""
"atl-radius-radius-guest-01n";;"";"1";"2";;"100";;"";"АТЛАНТА";"К";"";"PoweredOn";""
"atl-1c-hasp-07";"hasp07.gw-ad.local";"192.168.254.77";"4";"2";;;"200";"";"АТЛАНТА";"К";"1C hasp";"PoweredOn";"SmetaninAV"
"ltv-ws-01";"ltv-ws-01.gw-ad.local";"172.19.27.15|fe80::a892:5f1b:c77:4c2e";"2";"4";;"200";;"";"Литвуд ООО";"ЛН";"Workstation";"PoweredOn";""
"dbg_mobile_application";"dbgmobileapplication";"185.189.16.160|fe80::250:56ff:feae:7c55";"4";"4";"80";;;"";"Атланта";"К";"";"PoweredOn";""
"atl-1c-mssql-analyst";"mssql-analyst.gw-ad.local";"192.168.254.84";"18";"24";"1700";;;"";"АТЛАНТА";"К";"MS SQL";"PoweredOn";""
"Host-ProDobro";"host-prodobro";"185.189.16.61";"2";"4";;"200";;"";"ПРОДОБРО";"ПД";"Web";"PoweredOn";""
"oblique_creations";"oblique_creations";"185.189.16.123|fe80::250:56ff:fe85:7f00";"2";"4";;"100";;"";"Диджитал Адванс";"ДА";"";"PoweredOn";""
"host_revery";"host_revery";"185.189.16.23|fe80::250:56ff:fe9e:1f98";"2";"4";;;"40";"";"Литвуд";"ЛН";"Web";"PoweredOn";""
"atl-nethserver-01";;"";"4";"6";"100";;;"";"";"";"";"PoweredOff";""
"atl-1c-hasp-03";"hasp03.gw-ad.local";"192.168.254.53|fe80::6c1f:bc0d:38d3:5052";"4";"2";;"200";;"";"АТЛАНТА";"К";"1C hasp";"PoweredOn";"SmetaninAV"
"atl-1c-scan";"1cscan-da.gw-ad.local";"192.168.254.18";"2";"3";;;"150";"";"АТЛАНТА";"К";"Scan";"PoweredOn";"Gavrilovas"
"atl-zabbix-lvs";"localhost.localdomain";"192.168.254.14|fe80::250:56ff:fe9e:57db";"2";"16";"200";;;"";"АТЛАНТА";"К";"";"PoweredOn";"SmetaninAV"
"aici-blockchain-node";"aici-bc-node";"185.189.16.136|192.168.254.213";"4";"4";;"200";;"";"АйСи";"ТДД";"Blockchain";"PoweredOn";""
"Host_PKMC_old";"pkmc.gw-ad.local";"";"2";"8";;;"100";"";"ПКМЦ";"АМС";"Web";"PoweredOff";""
"atl-rdts-08";"srv-rds-08.gw-ad.local";"172.19.180.208";"22";"86";"700";;;"";"Атланта";"К";"";"PoweredOn";""
"pak-blockchain-node";"pak-bc-node";"185.189.16.139|192.168.255.20";"4";"4";;"200";;"";"ПЭК";"ПЭК";"Blockchain";"PoweredOn";""
"bitrix24-dobrograd";;"";"2";"8";"250";;;"";"СЗ Доброград";"СЗД";"Web";"PoweredOn";""
"atl-1c-web";"1cweb.gw-ad.local";"192.168.254.71";"4";"12";;"250";;"";"АТЛАНТА";"К";"Web";"PoweredOn";"SmetaninAV"
"bitrix-askonamed";"bitrix-askonamed";"";"2";"4";;"100";;"";"Диджитал Адванс";"ДА";"Web";"PoweredOn";""
"host-solvis";"host-solvis";"185.189.16.35|fe80::250:56ff:fe85:2e50";"2";"4";;"19,578125";;"";"Литвуд";"ЛН";"Web";"PoweredOn";""
"atl-netflow";"askona-netflow";"192.168.254.185|fe80::250:56ff:fe85:1197";"4";"4";;"20";;"";"АТЛАНТА";"К";"NETFLOW";"PoweredOn";"SmetaninAV"
"bitrix_KadAgency";"bitrix-kadagency";"185.189.16.103|fe80::250:56ff:fe85:e8ec";"2";"4";;"100";;"";"АйСи";"ТДД";"";"PoweredOn";""
"atl-1c-app-06";"1c-app-gw-06.gw-ad.local";"192.168.254.172";"18";"82";;"950";;"";"Атланта";"К";"1C APP";"PoweredOn";""
"dbg_mobile_application_res";;"";"4";"4";"80";;;"";"";"";"";"PoweredOff";""
"atl-exch-dag-01";;"";"2";"2";;"200";;"";"АТЛАНТА";"К";"Exchange";"PoweredOff";"SmetaninAV"
"ask-srv-wordpress";;"";"2";"4";;;"150";"";"Аскона-Век";"АВ-ПР";"Web";"PoweredOff";"Гаврилов"
"Host_gorod-dobrograd.ru";"hotsdobrograd.gw-ad.local";"185.189.16.29|fe80::250:56ff:fe9e:37c7";"6";"8";;"250";;"";"Курорт Доброград";"АТ";"Web";"PoweredOn";""
"HostingDobrograd_dev";"hotsdobrograd.gw-ad.local";"185.189.16.34|fe80::250:56ff:fe9e:1ebb";"6";"8";;;"250";"";"Курорт Доброград";"АТ";"Web";"PoweredOn";""
"ltv-1c-mssql-01-test";"testmssql.gw-ad.local";"192.168.254.151";"8";"64";;"6350";;"";"Литвуд";"ЛН";"";"PoweredOn";""
"ltv-vm-1c-pmt-sonarqubescanner";"vm-1c-pmt-sonar";"192.168.253.6|fe80::250:56ff:feae:d544";"8";"26";;"256";;"";"Литвуд";"ЛН";"";"PoweredOn";"BylinkinyUG"
"atl-vdi-2k16-02";"atl-vdi-2k16-02.gw-ad.local";"172.19.180.212";"12";"30";"300";;;"";"АТЛАНТА";"К";"";"PoweredOn";""
"atl-1c-hasp-05";"hasp05.gw-ad.local";"192.168.254.56|fe80::4c93:d695:7f3e:fe48";"4";"2";;"200";;"";"АТЛАНТА";"К";"1C hasp";"PoweredOn";"SmetaninAV"
"host-ask-dev-bitrix-ha-01";"host-ask-ha";"185.189.16.153|fe80::250:56ff:feae:cdaa|172.19.180.106|fe80::250:56ff:feae:c956";"8";"24";;"200";;"";"ТД Аскона";"ТДА-ОПТ";"Web-HA";"PoweredOn";""
"atl-ntp-01";"atl-ntp-01";"192.168.254.2|fe80::250:56ff:feae:c992";"4";"6";;"100";;"";"АТЛАНТА";"К";"NTP";"PoweredOn";"SokolovD"
"atl-1c-hasp-01";"HASP01.gw-ad.local";"192.168.254.51";"4";"2";;"200";;"";"АТЛАНТА";"К";"1C hasp";"PoweredOn";"SmetaninAV"
"atl-1c-hasp-06";"HASP06.gw-ad.local";"192.168.254.135";"4";"2";;;"200";"";"АТЛАНТА";"К";"1C hasp";"PoweredOn";"SmetaninAV"
"atl-rds-ts-13-fidelio";"ts13-fidelio.gw-ad.local";"192.168.254.182";"12";"32";;"510";;"";"Курорт Доброград";"АТК3";"";"PoweredOn";""
"Host_hotner";"host-hotner";"185.189.16.25|fe80::250:56ff:fe9e:1f66";"2";"2";;;"100";"";"Литвуд";"ЛН";"Web";"PoweredOn";""
"atl-nfs-repo-01";"atl-nfs-repo-01";"192.168.254.167|fe80::250:56ff:feae:54e5";"6";"12";"56520";;;"56320";"АТЛАНТА";"К";"";"PoweredOn";""
"atl-backup-proxies254-01";"bproxy254.gw-ad.local";"192.168.254.61";"12";"12";;"200";;"";"АТЛАНТА";"К";"veeam";"PoweredOn";""
"Host-vse-stul";"host-vse-stul";"185.189.16.68|fe80::250:56ff:fe85:78";"4";"8";;;"19,578125";"";"Диджитал Адванс";"ДА";"Web";"PoweredOn";""
"ask-omni-lk-db01";"prod-omnilk-db01.pos.askona.ru";"192.168.10.135|fe80::250:56ff:feae:ece3";"8";"32";"500";;;"";"ТД Аскона";"ТДА-ДОМ";"";"PoweredOn";""
"atl-network-table";"network-table";"192.168.254.217|fe80::250:56ff:feae:4e81|172.19.60.17|fe80::42:1aff:fef8:b466";"2";"2";;"50";;"";"АТЛАНТА";"К";"";"PoweredOn";""
"atl-videoanalytics";;"";"20";"10";"200";"8192";;"";"";"";"";"PoweredOn";""
"42s-it-zubov";;"";"6";"16";"250";;;"";"";"";"";"PoweredOff";"Зубов"
"atl-test-win-10-up";;"";"2";"6";;"100";;"";"АТЛАНТА";"К";"";"PoweredOff";""
"atl-sokolovde-linux";"diamon-VM";"";"2";"6";"54";;;"";"Атланта";"К";"";"PoweredOff";""
"atl-it-ws-zhuravleva";"hkav0051.gw-ad.local";"";"4";"12";;;"200";"";"";"";"";"PoweredOff";"ZhuravlevaO"
"atl-test-ibase-scaner";"srvscan.gw-ad.local";"";"4";"4";;;"200";"";"АТЛАНТА";"К";"";"PoweredOff";""
"host-ask-web-05n";"host-ask-web-05n";"10.0.0.19|fe80::250:56ff:fe85:3825|172.19.180.113|fe80::250:56ff:fe85:7b7";"32";"52";"200";;;"";"ТД Аскона";"ТДА-ВЭБ";"Web-ASK";"PoweredOn";""
"atl-s3-01";"s3";"";"4";"8";"200";;;"";"АТЛАНТА";"К";"";"PoweredOff";""
"ask-asbap-bi";"vm-cognos-bi.hcaskona.com";"192.168.10.42";"8";"120";"400";;;"";"Аскона-Век";"АВ-БСП";"Cognos";"PoweredOn";""
"ask-it-ws-02";"ask-it-ws-02.gw-ad.local";"";"2";"4";;;"200";"";"Атланта";"К";"IT-WS";"PoweredOff";""
"atl-rds-ts-04-oof";"ts04.gw-ad.local";"192.168.254.104";"18";"64";;"510";;"";"АТЛАНТА";"К";"RDS";"PoweredOn";"SmetaninAV"
"atl-it-ws-martynovdm";"atl-it-martynovdm.gw-ad.local";"";"4";"16";"200";;;"";"";"";"";"PoweredOff";"Мартынов"
"atl-srv1cSoftFon";"softfon.gw-ad.local";"";"2";"4";;"100";;"";"АТЛАНТА";"К";"";"PoweredOff";""
"ask-omli-kr-01";"dev-omni-lk01.korusdev.com";"192.168.10.95|fe80::6f58:fc45:d6b1:d263";"4";"8";"200";;;"";"ТД Аскона";"ТДА-ДОМ";"";"PoweredOn";""
"ltv-1c-scan-02";"1cscan02.gw-ad.local";"192.168.254.64";"2";"3";;"100";;"";"Литвуд";"ЛН";"";"PoweredOn";""
"atl-srv-adfs-wap-01";"srv-adfs-wap-01";"192.168.254.113|fe80::74e4:98a8:e98e:a7ff|169.254.167.255";"2";"6";;"100";;"";"Атланта";"К";"ADFS";"PoweredOn";""
"atl-1c-app-dev02";"1c-app-dev02-atl.gw-ad.local";"172.19.143.32|fe80::9cb:1209:8da4:c691";"6";"28";"100";;;"";"Атланта";"К";"";"PoweredOn";""
"atl-kaspersky-sec-center";"kasperskycc.gw-ad.local";"192.168.254.215";"4";"8";;"200";;"";"АТЛАНТА";"К";"";"PoweredOn";""
"kdbg-blockchain-node";"kdbg-bc-node";"185.189.16.167|192.168.254.76";"4";"4";"200";;;"";"Курорт Доброград";"АТ";"";"PoweredOn";""
"vcsa-horizon-01";"vcsa-horizon-01.gw-ad.local";"192.168.254.99";"4";"8";"100";;;"";"АТЛАНТА";"К";"";"PoweredOn";""
"atl-infrastructure-certweb";"certweb.gw-ad.local";"192.168.254.9";"4";"4";;"100";;"";"АТЛАНТА";"К";"";"PoweredOn";""
"pkmc-blockchain-node";"pkmc-bc-node";"185.189.16.172|192.168.255.26";"4";"4";"200";;;"";"ПКМЦ";"АМС";"";"PoweredOn";""
"host_bfaskonalife";;"";"2";"4";;"19,578125";;"";"Продобро";"ПД";"Web";"PoweredOn";""
"atl-sharepoint-2016";"shareport2016.gw-ad.local";"192.168.254.91";"12";"24";"300";;;"";"АТЛАНТА";"К";"SharePoint";"PoweredOn";""
"atl-blockchain-api";"atlanta-bc-api";"172.19.60.1|192.168.254.136";"2";"2";"100";;;"";"АТЛАНТА";"К";"";"PoweredOn";""
"atl-dfs-01";"atl-dfs-01.gw-ad.local";"192.168.254.138|fe80::3808:9e91:c74:e6ba";"2";"4";"100";;;"";"Атланта";"К";"";"PoweredOn";""
"atl-ic-vdi-007";"atl-ic-vdi-007.gw-ad.local";"172.19.27.31";"2";"12";;"100";;"";"";"";"WS-VDI";"PoweredOn";"Zubashkovaya"
"atl-stor-monitoring-XoruX";"xorux";"192.168.254.25|fe80::250:56ff:feae:f6ca";"2";"6";"108";;;"";"АТЛАНТА";"К";"";"PoweredOn";""
"bitrix-42";;"";"2";"4";"50";;;"";"";"";"";"PoweredOff";""
"atl-srv-dc-03";"srv-dc-03.gw-ad.local";"192.168.254.147";"4";"10";;"100";;"";"Атланта";"К";"Schema master/Domain naming master";"PoweredOn";""
"atl-blockchain-node-oracle-01";"bc_node_oracle";"185.189.16.76|192.168.254.171";"4";"6";;"200";;"";"АТЛАНТА";"К";"Blockchain";"PoweredOn";"GalitskiyEM"
"ltv-asterisk-pmt-01";"asteriskpmt.gw-ad.local";"192.168.254.235|fe80::250:56ff:fe9e:1adf|192.168.44.14|fe80::250:56ff:fe9e:4920|185.189.16.32|fe80::250:56ff:fe9e:6e81";"4";"2";;"100";;"";"Литвуд";"ЛН";"Asterisk";"PoweredOn";""
"fmc-asterisk-pkmc-01";"asterisk-pkmc.gw-ad.local";"192.168.254.128|192.168.44.6|fe80::250:56ff:fe9e:76e3|fe80::250:56ff:fe9e:22d3|192.168.70.38|fe80::250:56ff:fe9e:144e|185.189.16.27|fe80::250:56ff:fe9e:a97";"6";"2";"450";;;"";"ПКМЦ";"АМС";"Asterisk";"PoweredOn";""
"cp-replica-a6479ab9-c51b-4843-a983-d7a1d1d0b725";;"";"2";"6";;"100";;"";"";"";"";"PoweredOff";""
"atl-WS-Win10-Gold-image";"WS-GOLD-CLONE.gw-ad.local";"";"2";"6";;"100";;"";"АТЛАНТА";"К";"";"PoweredOff";""
"host-ask-sql-infobus-02";"host-ask-sql-infobus-02";"10.0.0.28|fe80::250:56ff:fe85:72bc|172.19.180.122|fe80::250:56ff:fe85:30f";"8";"24";;"300";;"";"ТД Аскона";"ТДА-ВЭБ";"Web-ASK";"PoweredOn";""
"atl-asterisk-atlanta-01";"asterisk-atlanta";"192.168.254.234|fe80::250:56ff:fe9e:4ab1|192.168.44.18|fe80::250:56ff:fe9e:37b9|185.189.16.40|fe80::250:56ff:fe9e:2b41";"4";"2";;"100";;"";"АТЛАНТА";"К";"Asterisk";"PoweredOn";"KomarovEN"
"atl-zabbix";"localhost.localdomain";"185.189.16.44|fe80::250:56ff:fe9e:77f3|192.168.254.44|fe80::250:56ff:fe9e:65f4";"4";"4";;"100";;"";"АТЛАНТА";"К";"";"PoweredOn";"SmetaninAV"
"dbg-asterisk-gkgw-01";"asterisk-gkgw";"192.168.30.2|fe80::250:56ff:feae:96d2|192.168.254.130|fe80::250:56ff:fe9e:1233|192.168.44.26|fe80::250:56ff:fe9e:1480|185.189.16.26|fe80::250:56ff:fe9e:653e";"4";"2";;"100";;"";"Курорт Доброград";"К";"Asterisk";"PoweredOn";""
"apro-blockchain-api";"apro-bc-api";"172.19.60.1|172.20.0.1|192.168.255.15|fe80::250:56ff:feae:c00e";"2";"2";;"100";;"";"Аскона Проперти";"ПР";"Blockchain";"PoweredOn";""
"ic-asterisk-ic-01";"asterisk-ic.gw-ad.local";"192.168.254.125|185.189.16.56|fe80::250:56ff:fe85:5746|192.168.44.34|fe80::250:56ff:fe85:a8f1|fe80::250:56ff:fe85:958e";"4";"2";;"100";;"";"АйСи";"ТДД";"Asterisk";"PoweredOn";""
"atl-lync-mssql";"MSSQLLYNC.gw-ad.local";"192.168.254.232|fe80::557d:65ac:faf4:7f3b";"8";"20";;"150";;"";"АТЛАНТА";"К";"MS SQL";"PoweredOn";"SmetaninAV"
"atl-1c-app-04-test";"1C-app04.gw-ad.local";"";"6";"12";;"200";;"";"АТЛАНТА";"К";"1C APP";"PoweredOff";"SmetaninAV"
"cp-template-c304cc1b-66c1-4850-9e23-e95ad6974bc8";;"";"2";"6";;"100";;"";"";"";"";"PoweredOff";""
"atl-rdts-07";"srv-rds-07.gw-ad.local";"172.19.180.207";"26";"86";"630";;;"";"Атланта";"К";"";"PoweredOn";""
"ClientBANK";;"";"4";"4";;"200";;"";"АТЛАНТА";"К";"";"PoweredOff";""
"aisi-ws-01";"aisi-ws-01.gw-ad.local";"172.19.27.21|fe80::3d9a:c3ae:71a1:d4ec";"2";"4";"200";;;"";"АйСи";"ТДД";"IT-WS";"PoweredOn";""
"vcsa-Log-8.0.0";"localhost";"192.168.254.196|fe80::250:56ff:feae:dc12";"8";"16";;"530";;"";"АТЛАНТА";"К";"VCSA";"PoweredOn";""
"atl-ic-vdi-016";"atl-ic-vdi-016.gw-ad.local";"";"2";"6";;"100";;"";"";"";"";"PoweredOff";""
"atl-lync-edge";"lyncedge.gw-ad.local";"2002:b9bd:1012::b9bd:1012|185.189.16.16|185.189.16.17|185.189.16.18|192.168.254.38";"8";"16";;"100";;"";"АТЛАНТА";"К";"Lync";"PoweredOn";"SmetaninAV"
"atl-it-ws-055v-sokolovd";"hkac0055v.gw-ad.local";"";"4";"6";"530";;;"";"АТЛАНТА";"К";"";"PoweredOff";"SokolovDE"
"atl-youtrack";"srv-youtrack-01.gw-ad.local";"";"2";"6";;"100";;"";"АТЛАНТА";"К";"";"PoweredOff";""
"atl-blockchain-node";"atlanta-bc-node";"185.189.16.165|192.168.254.137";"4";"4";"200";;;"";"АТЛАНТА";"К";"";"PoweredOn";""
"da-blockchain-node";"da-bc-node";"185.189.16.135|192.168.254.211";"4";"4";;"200";;"";"Диджитал Адванс";"ДА";"Blockchain";"PoweredOn";""
"atl-blockchain-api-oracle-01";"blockchainapioracle";"172.19.60.1|fe80::42:9aff:fecc:e004|172.18.0.1|fe80::42:1dff:fe79:aab0|192.168.254.169|fe80::250:56ff:fe85:7922";"2";"4";;;"130";"";"АТЛАНТА";"К";"Blockchain";"PoweredOn";"GalitskiyEM"
"atl-dev-rch-node-01";"dev-rch-node-01";"";"2";"4";;"100";;"";"АТЛАНТА";"К";"devops";"PoweredOff";""
"atl-dev-volumes-01";"dev-rch-vol-01";"";"2";"4";"200";;;"";"АТЛАНТА";"К";"";"PoweredOff";""
"42s-it-galitskiy";"42s-pc";"";"4";"8";"200";;;"";"";"";"";"PoweredOff";"Галицкий"
"atl-lync-fe";"lyncFE01.gw-ad.local";"192.168.254.36";"10";"20";;"190";;"";"АТЛАНТА";"К";"Lync";"PoweredOn";"SmetaninAV"
"atl-firewall-01";"ROS-KVR-FIREWALL_ATLANTA-1";"172.19.251.37|185.189.19.253";"2";"4";;;"0,125";"";"АТЛАНТА";"К";"Firewall";"PoweredOn";"SmetaninAV"
"atl-firewall-forwarding-exch-01";"ROS-KVR-FIREWALL_MAIL-FORWARDING-1";"172.19.251.1|185.189.19.2|185.189.19.3";"1";"0,125";;"0,0625";;"";"АТЛАНТА";"К";"Firewall";"PoweredOn";"SmetaninAV"
"ask-asbap-n";"vm-cognos-pa02.hcaskona.com";"192.168.99.1|192.168.10.85|192.168.56.1|192.168.40.1";"16";"320";;"800";;"";"Аскона-Век";"АВ-БСП";"Cognos";"PoweredOn";""
"fud-blockchain-node";"foodcourt-bc-node";"185.189.16.166|192.168.254.158";"4";"4";"200";;;"";"Фудкорт";"ФК";"";"PoweredOn";""
"atl-dev-01";;"";"6";"8";"200";;;"";"АТЛАНТА";"К";"Portal";"PoweredOn";"GalitskiyEM"
"inv-teh-expert";"srv-tehexpert.gw-ad.local";"192.168.254.123";"4";"6";;;"800";"";"СЗ Аскона Инвест";"СД";"";"PoweredOn";""
"sql02";"sql02.gw-ad.local";"192.168.254.249";"14";"30";"1200";;;"";"АТЛАНТА";"К";"MS SQL";"PoweredOn";""
"atl-s4b-fe-01";"srv-s4b-fe-01.gw-ad.local";"192.168.254.150";"4";"8";;"100";;"";"АТЛАНТА";"К";"";"PoweredOn";""
"atl-1c-app-05-all";"1c-app-gw-05.gw-ad.local";"192.168.254.93";"18";"102";"520";;;"";"АТЛАНТА";"К";"1C APP";"PoweredOn";""
"atl-win-xp-test";;"";"2";"4";;"8";;"";"АТЛАНТА";"К";"test";"PoweredOff";""
"apro-blockchain-node";"apro-bc-node";"185.189.16.137|192.168.255.16";"4";"4";;"200";;"";"Аскона Проперти";"ПР";"Blockchain";"PoweredOn";""
"cp-template-b34b31a0-4810-47a4-8b99-40c7a11b7be8";"it1327590353.gw-ad.local";"";"12";"30";"300";;;"";"";"";"";"PoweredOff";""
"ltv-blockchain-node";"ltv-bc-node";"185.189.16.138|192.168.255.18";"4";"4";;"200";;"";"Литвуд";"ЛН";"Blockchain";"PoweredOn";""
"atl-dev-rch-master-01";"dev-rch-master-01";"";"2";"4";;"100";;"";"АТЛАНТА";"К";"devops";"PoweredOff";""
"cp-replica-e9e7bd4c-053c-4fdc-86f9-fcc4c5ded60d";;"";"12";"30";"300";;;"";"";"";"";"PoweredOff";""
"Host_uksm-skud";"hostinguk";"192.168.254.73|fe80::250:56ff:fe9e:2d38|185.189.16.31|fe80::250:56ff:fe9e:6e70";"4";"2";;"100";;"";"Сервис Менеджмент";"СМ";"Web";"PoweredOn";""
"my-ubuntu-test-plzdontouch";;"";"2";"4";"80";;;"";"АТЛАНТА";"К";"";"PoweredOff";""
"vek-blockchain-node";"vek-bc-node";"185.189.16.140|192.168.255.22";"4";"4";;"200";;"";"Аскона-Тех";"ЛН-ТЕХ";"Blockchain";"PoweredOn";""
"ltv-slv-blockchain-api";"blockchainapisolvis";"172.19.60.1|fe80::42:d6ff:fe23:4672|192.168.254.186|fe80::250:56ff:fe85:f1bd";"2";"2";;"100";;"";"Литвуд";"ЛН";"Blockchain";"PoweredOn";""
"da-blockchain-api";"da-bc-api";"172.19.60.1|fe80::42:97ff:feb1:d4b0|172.20.0.1|fe80::42:77ff:febb:328f|192.168.254.210|fe80::250:56ff:feae:3b6f";"2";"2";;"100";;"";"Диджитал Адванс";"ДА";"Blockchain";"PoweredOn";""
"vcsa-app-01";;"";"2";"8";;"100";;"";"Атланта";"К";"";"PoweredOff";""
"Host-pmt-bitrix-group-pmt-ru";"group-pmt";"185.189.16.53|fe80::250:56ff:fe85:8f6f";"2";"4";;"19,578125";;"";"Литвуд";"ЛН";"Web";"PoweredOn";""
"atl-sharepoint-2019";"shareport2019.gw-ad.local";"192.168.254.193";"4";"24";;"150";;"";"АТЛАНТА";"К";"SharePoint";"PoweredOn";""
"atl-1c-mssql-work01";"srv-mssql1c-01.gw-ad.local";"192.168.254.97|fe80::cd71:a95e:c985:7818";"16";"32";"8200";;;"";"Атланта";"К";"";"PoweredOn";""
"atl-rds-ts-11-litva-oof";"ts11.gw-ad.local";"192.168.254.111";"6";"16";;"300";;"";"АТЛАНТА";"К";"RDS";"PoweredOn";"SmetaninAV"
"atl-rdts-micros";"WIN-74S2TEPDPPB";"fe80::a1e7:85b5:b4db:67|169.254.0.103";"2";"8";;"100";;"";"Курорт Доброград";"АТК3";"";"PoweredOn";""
"bitrix-pikinsky";;"";"2";"4";;"100";;"";"Диджитал Адванс";"ДА";"Web";"PoweredOn";""
"Host-isp-Atlanta";"localhost.localdomain";"185.189.16.19|fe80::250:56ff:fe9e:234e";"14";"24";;"360";;"";"АТЛАНТА";"К";"Web";"PoweredOn";""
"ask-asbap-web";"vm-cognos-web.hcaskona.com";"192.168.40.1|192.168.10.43|192.168.56.1";"16";"128";;"699,9990234375";;"";"Аскона-Век";"АВ-БСП";"Cognos";"PoweredOn";""
"srv-askona-tel";;"";"4";"16";;"200";;"";"Аскона-Век";"АВ-ПР";"MobApp";"PoweredOff";""
"ask-it-ws-01";;"";"2";"4";;;"200";"";"АТЛАНТА";"К";"IT-WS";"PoweredOff";""
"host-ask-sql-02n";"host-ask-sql-02n";"172.19.180.105|fe80::250:56ff:fe85:adb0|10.0.0.15|fe80::250:56ff:fe85:19a4";"32";"64";"300";;;"";"ТД Аскона";"ТДА-ВЭБ";"Web-ASK";"PoweredOn";""
"ask-1c-app-10-wms";"1c-app-10-ask-wms.gw-ad.local";"192.168.254.162";"12";"64";"700";;;"";"Аскона-Век";"АВ-ВМС";"WMS";"PoweredOn";""
"ltv-ssl-blockchain-node-01";"bc-node1";"185.189.16.65|192.168.254.134";"4";"4";;"200";;"";"Литвуд";"ЛН";"Blockchain";"PoweredOn";""
"atl-rdts-Goldn";"atl-rdts-goldn.gw-ad.local";"";"12";"50";"300";;;"";"";"";"";"PoweredOff";""
"atl-sharepoint-2019-oos";"share2019_oos.gw-ad.local";"192.168.254.208";"2";"16";;"100";;"";"Атланта";"К";"Sharepoint";"PoweredOn";""
"atl-WS-Win10-MS";"Home-WORKSTATION";"";"2";"4";"100";;;"";"";"";"";"PoweredOff";""
"atl-test-mim-01";;"";"2";"8";;"100";;"";"АТЛАНТА";"К";"";"PoweredOff";""
"atl-dhcp-01";"atl-dhcp-01.gw-ad.local";"192.168.254.15";"2";"8";;"100";;"";"АТЛАНТА";"К";"DHCP";"PoweredOn";""
"host-ask-web-cron";"host-ask-web-cron";"10.0.0.17|fe80::250:56ff:fe85:7b4d|172.19.180.110|fe80::250:56ff:fe85:5e8a";"6";"32";;;"1224";"";"ТД Аскона";"ТДА-ВЭБ";"Web-ASK";"PoweredOn";""
"atl-directum-certsrv";"certsrv.gw-ad.local";"192.168.254.7";"4";"4";;"100";;"";"АТЛАНТА";"К";"";"PoweredOn";"SmetaninAV"
"atl-exch-hosting-01";"exch-hosting-01.gw-ad.local";"";"4";"8";;"100";;"";"АТЛАНТА";"К";"Exchange";"PoweredOff";"SmetaninAV"
"atl-gitlab";"srvCVS";"185.189.16.42|fe80::250:56ff:feae:685f|192.168.254.69|fe80::250:56ff:fe9e:1cdb";"2";"4";;"300";;"";"АТЛАНТА";"К";"";"PoweredOn";"GalitskiyEM"
"host-ask-web-infobus-02";"host-ask-infobus-02";"172.16.60.1|fe80::42:2ff:fe17:55ff|10.0.0.26|fe80::250:56ff:fe85:c461|185.189.16.130|fe80::250:56ff:feae:c788|172.16.57.1|fe80::42:8eff:fe4e:424d|172.16.58.1|fe80::42:fbff:fe9f:6fc4|10.13.31.1|fe80::42:76ff:fe1a:73d1";"8";"12";;"100";;"";"ТД Аскона";"ТДА-ВЭБ";"Web-ASK";"PoweredOn";""
"atl-exch-mbx-02";"exch-mbx-02.gw-ad.local";"192.168.254.202";"18";"82";"11140";;;"";"АТЛАНТА";"К";"Exchange";"PoweredOn";"SmetaninAV"
"atl-rds-ts-05";"ts05.gw-ad.local";"";"16";"70";;"420";;"";"АТЛАНТА";"К";"RDS";"PoweredOff";"SmetaninAV"
"cp-replica-3bb64d87-3312-4825-9881-615f09605fd8";;"";"2";"6";;"100";;"";"";"";"";"PoweredOff";""
"atl-1c-app-dev01";"1c-app-dev01-atl.gw-ad.local";"172.19.143.31|fe80::8c10:d4c4:2e59:e0b";"6";"28";"100";;;"";"Атланта";"К";"";"PoweredOn";""
"atl-kaspersky-smg-01";"srv-ksmg-01.gw-ad.local";"192.168.254.200|fe80::250:56ff:fe85:53d0";"4";"4";;"100";;"";"АТЛАНТА";"К";"Kaspersky";"PoweredOn";"SmetaninAV"
"blg-autodesk-license-01";"atl-autodesk-bilong.gw-ad.local";"192.168.254.188";"2";"4";;"100";;"";"СЗ Доброград";"СЗД";"AUTOCAD LIC";"PoweredOn";""
"Host_PKMC_bitrix_dev";"pkmc-dev.gw-ad.local";"185.189.16.49|fe80::250:56ff:feae:5108";"2";"8";;"100";;"";"ПКМЦ";"АМС";"";"PoweredOn";""
"ltv-1c-mssql-02-sp";;"";"8";"24";;;"2681";"";"Литвуд";"ЛН";"MS SQL";"PoweredOn";""
"ask-1c-lic-03";"1c-lic-03.gw-ad.local";"192.168.254.95";"2";"4";;"100";;"";"Аскона-Век";"АВ-ВМС";"WMS";"PoweredOn";""
"atl-exch-mb2k10-02";"mb02.gw-ad.local";"192.168.0.3|fe80::b4ce:34b2:95d:f69f|169.254.2.237|192.168.254.33|192.168.254.27";"2";"6";;"1700";;"";"АТЛАНТА";"К";"Exchange";"PoweredOn";"SmetaninAV"
"host-scopus";"host-scopus";"185.189.16.109|fe80::250:56ff:fe85:b893";"2";"4";;"19,578125";;"";"Диджитал Адванс";"ДА";"Web";"PoweredOn";""
"atl-test-dirrx";"dirRX-test.gw-ad.local";"192.168.254.160";"2";"6";;;"100";"";"АТЛАНТА";"К";"Directum";"PoweredOn";""
"atl-vpn-users-02";"ROS-KVR-VPN_USERS-2";"192.168.254.48|185.189.17.252|185.189.17.250";"2";"2";;"0,0625";;"";"АТЛАНТА";"К";"VPN";"PoweredOn";""
"ltv-firewall-01";"ROS-KVR-FIREWALL_LITWOOD-1";"172.19.251.29|185.189.19.254";"2";"4";;;"0,125";"";"Литвуд";"ЛН";"Firewall";"PoweredOn";""
"pkmc-blockchain-api";"pkmc-bc-api";"172.19.60.1|192.168.255.25|fe80::250:56ff:feae:b3ed";"2";"2";"100";;;"";"ПКМЦ";"АМС";"";"PoweredOn";""
"atl-vdi-2k16-03";"atl-vdi-2k16-03.gw-ad.local";"172.19.180.213";"12";"30";"300";;;"";"";"";"";"PoweredOn";""
"ltv-slv-basis-mebel";"BMSolvis.gw-ad.local";"192.168.254.224|fe80::4d80:275a:1e7c:2da3";"4";"4";;"510";;"";"Литвуд";"ЛН";"";"PoweredOn";""
"inv-firewall-01";"ROS-KVR-FIREWALL_BILONG-1";"172.19.251.41|185.189.19.250";"2";"4";;;"0,125";"";"СЗ Аскона Инвест";"СД";"Firewall";"PoweredOn";""
"atl-ic-vdi-013";"atl-ic-vdi-013.gw-ad.local";"172.19.27.36";"2";"6";;"100";;"";"Курорт Доброград ООО";"АТ";"WS-VDI";"PoweredOn";""
"fmc-firewall-01";"ROS-KVR-FIREWALL_PKMC-1";"172.19.251.33|185.189.19.251";"2";"4";;;"0,125";"";"ПКМЦ";"АМС";"Firewall";"PoweredOn";""
"vchv-uag-20";"hws.askonalife.com";"192.168.254.3";"2";"4";;"20";;"";"АТЛАНТА";"К";"";"PoweredOn";""
"atl-it-dev-portal";"dev01-portal";"185.189.16.59|fe80::250:56ff:fe85:405e|192.168.254.13|fe80::250:56ff:feae:518d";"2";"2";;"100";;"";"АТЛАНТА";"К";"Portal";"PoweredOn";"SmetaninAV"
"atl-syslog";"syslog";"192.168.254.45|fe80::250:56ff:fe85:2b23";"2";"4";;"100";;"";"АТЛАНТА";"К";"";"PoweredOn";"SmetaninAV"
"atl-test-win7x86mirage";"WIN7TEST1.gw-ad.local";"192.168.253.4";"4";"6";;;"240";"";"АТЛАНТА";"К";"";"PoweredOn";""
"ltv-vm-1c-pmt-sourceCode";"vm-sourcecode.gw-ad.local";"192.168.253.5";"2";"6";;"256";;"";"Литвуд";"ЛН";"";"PoweredOn";"BylinkinyUG"
"kdbg-blockchain-api";"kdbg-bc-api";"172.19.60.1|192.168.254.72|fe80::250:56ff:feae:c9e1";"2";"2";"100";;;"";"Курорт Доброград";"АТ";"";"PoweredOn";""
"atl-firewall-forwarding-01";"ROS-KVR-FIREWALL_FORWARDING-1";"172.19.251.17|185.189.16.11|185.189.16.12|185.189.16.13|185.189.16.14|185.189.16.4|185.189.16.28|185.189.16.30|185.189.16.33|185.189.16.44|185.189.16.46|185.189.16.45|185.189.16.51|185.189.16.41|185.189.16.100|185.189.16.126|185.189.16.146|185.189.16.147|185.189.16.148|185.189.16.149|185.189.16.55|185.189.16.157|185.189.16.54|185.189.16.170|185.189.16.95|185.189.16.78|185.189.16.108|185.189.16.176";"2";"4";;;"0,125";"";"АТЛАНТА";"К";"Firewall";"PoweredOn";"SmetaninAV"
"atl-1c-app-01-all";"1c-app-gw-01.gw-ad.local";"192.168.254.153";"12";"82";"520";;;"";"АТЛАНТА";"К";"1C APP";"PoweredOn";"SmetaninAV"
"ltv-ws-02";"ltv-ws-02.gw-ad.local";"172.19.27.17|fe80::9440:7d4f:4971:7598";"2";"4";;"200";;"";"Литвуд ООО";"ЛН";"WS";"PoweredOn";""
"atl-dns-02";"ns2.askonalife.com";"185.189.16.3|fe80::250:56ff:fe9e:7966";"2";"2";;"16";;"";"АТЛАНТА";"К";"DNS";"PoweredOn";"SmetaninAV"
"atl-vpn-ipsec-02";"ROS-KVR-VPN_IPSEC-2";"172.19.230.3|185.189.16.6";"4";"4";;;"0,125";"";"АТЛАНТА";"К";"VPN";"PoweredOn";"SmetaninAV"
"atl-vpn-ipsec-01";"ROS-KVR-VPN_IPSEC-1";"172.19.230.2|185.189.16.5";"4";"4";"0,125";;;"";"АТЛАНТА";"К";"VPN";"PoweredOn";"SmetaninAV"
"atl-portdetect-01";"atl-portdetect-01";"192.168.254.75|10.0.0.1";"1";"0,5";;"1";;"";"АТЛАНТА";"К";"Switch port security";"PoweredOn";"Komarov"
"atl-srv-dc-02";"srv-dc-02.gw-ad.local";"192.168.254.146";"4";"10";;"100";;"";"Атланта";"К";"";"PoweredOn";""
"dac-ws-artyukhova";"dac-ws-artyukhova.gw-ad.local";"";"2";"4";;"200";;"";"";"";"Workstation";"PoweredOff";""
"atl-srv-powerbi-restored";"srv-power-bi.gw-ad.local";"192.168.254.28";"8";"24";"200";;;"";"";"";"";"PoweredOn";""
"vek-blockchain-api";"vek-bc-api";"172.18.0.1|fe80::42:4bff:fedd:a062|192.168.255.21|fe80::250:56ff:feae:d0ae";"2";"2";;"100";;"";"Аскона-Тех";"ЛН-ТЕХ";"Blockchain";"PoweredOn";""
"pak-blockchain-api";"pak-bc-api";"172.19.60.1|fe80::42:81ff:fe4a:bd87|192.168.255.19|fe80::250:56ff:feae:8689";"2";"2";;"100";;"";"ПЭК";"ПЭК";"Blockchain";"PoweredOn";""
"42s-blockchain-api";"42-bc-api";"172.19.60.1|192.168.254.121|fe80::250:56ff:feae:7cbc";"2";"2";"100";;;"";"42-sol";"МТ";"";"PoweredOn";""
"atl-rds-ts-02";"ts02.gw-ad.local";"";"32";"84";;"360";;"";"АТЛАНТА";"К";"RDS";"PoweredOff";"SmetaninAV"
"blg-firewall-01";"ROS-KVR-FIREWALL_DOBROGRAD-1";"172.19.251.25|185.189.19.252";"2";"4";;;"0,125";"";"СЗ Доброград";"СЗД";"Firewall";"PoweredOn";""
"ltv-blockchain-api";"ltv-bc-api";"192.168.255.17|fe80::250:56ff:feae:8bad";"2";"2";;"100";;"";"Литвуд";"ЛН";"Blockchain";"PoweredOn";""
"42s-blockchain-node";"42-bc-node";"185.189.16.164|192.168.254.122";"4";"4";"200";;;"";"42-sol";"МТ";"";"PoweredOn";""
"aisi-ws-02";"aisi-ws-02.gw-ad.local";"172.19.27.19|fe80::e431:490e:51ee:7bf0";"2";"4";"200";;;"";"АйСи";"ТДД";"IT-WS";"PoweredOn";""
"atl-it-ws-shupletsovmv";"atl-it-win10.gw-ad.local";"";"2";"8";;;"200";"";"";"";"";"PoweredOff";"Шуплецов"
"atl-radius-radius-guest-01";;"";"1";"0,5";;"20";;"";"АТЛАНТА";"К";"Radius";"PoweredOff";"SmetaninAV"
"aici-blockchain-api";"aici-bc-api";"172.20.0.1|fe80::42:deff:fef9:fbe2|192.168.254.212|fe80::250:56ff:feae:9f5";"2";"2";;"100";;"";"АйСи";"ТДД";"Blockchain";"PoweredOn";""
"ltv-1c-web";"1c-web-mc.gw-ad.local";"192.168.254.63";"4";"12";;"100";;"";"Литвуд";"ЛН";"";"PoweredOn";""
"ltv-sp-ts-center";"sp-ts-center.gw-ad.local";"192.168.254.178";"8";"24";;;"700";"";"Литвуд";"ЛН";"";"PoweredOn";""
"atl-rds-ts-09-oof";;"";"16";"68";"580";;;"";"АТЛАНТА";"К";"RDS";"PoweredOn";"SmetaninAV"
"vcsa-OMA";"vcsa-oma";"192.168.254.197|fe80::250:56ff:feae:df4";"8";"32";"274";;;"";"АТЛАНТА";"К";"VCSA";"PoweredOn";""
"vchv-composer-01";"vchv-composer.gw-ad.local";"192.168.254.24";"4";"8";"100";;;"";"АТЛАНТА";"К";"";"PoweredOn";""
"atl-idirectum";"iDirectum.gw-ad.local";"192.168.254.43";"9";"10";;"127,001953125";;"";"АТЛАНТА";"К";"Directum";"PoweredOn";"SmetaninAV"
"atl-1c-mssql-work02";"srv-mssql1c-02.gw-ad.local";"192.168.254.98|fe80::5918:57ab:e106:a603";"16";"32";"2400";;;"";"Атланта";"К";"";"PoweredOn";""
"atl-test-win10-1703-v3";;"";"2";"6";;"100";;"";"АТЛАНТА";"К";"";"PoweredOff";""
"atl-test-win10-1703";;"";"4";"8";;"100";;"";"АТЛАНТА";"К";"";"PoweredOff";""
"atl-it-ws-rss";"sit-rssergey.gw-ad.local";"";"4";"8";;;"200";"";"";"";"";"PoweredOff";"RozhdestvenskySS"
"ltv-ssl-blockchain-api-01";"blockchainapi";"192.168.254.96|fe80::250:56ff:fe85:628|172.19.60.1|fe80::42:3eff:feea:25e8";"2";"2";;"100";;"";"Литвуд";"ЛН";"Blockchain";"PoweredOn";""
"host-ask-ha-01n";"HostHA01";"185.189.16.37|185.189.16.36|fe80::250:56ff:fe9e:4d19|192.168.11.1|fe80::250:56ff:fe9e:4e28";"12";"16";;"1431,26660060883";;"";"ТД Аскона";"ТДА-ОПТ";"Web-HA";"PoweredOn";""
"atl-directum";"hcdir.gw-ad.local";"192.168.254.40";"4";"8";;"200";;"";"АТЛАНТА";"К";"Directum";"PoweredOn";"SmetaninAV"
"atl-dhcp-02";"atl-dhcp-02.gw-ad.local";"192.168.254.16";"2";"8";"100";;;"";"АТЛАНТА";"К";"DHCP";"PoweredOn";""
"atl-1c-hasp-08";"hasp08.gw-ad.local";"192.168.254.78";"4";"2";;;"200";"";"АТЛАНТА";"К";"1C hasp";"PoweredOn";"SmetaninAV"
"HostDobrograd_dev_new";"hotsdobrograd.gw-ad.local";"185.189.16.34|fe80::250:56ff:fe85:5402";"6";"8";;"250";;"";"Курорт Доброград";"АТ";"Web";"PoweredOn";""
"host-ask-web-01n";"host-ask-web-01n";"172.19.180.101|fe80::250:56ff:fe85:a7f6|10.0.0.11|fe80::250:56ff:fe85:f9f9";"32";"52";"250";;;"";"ТД Аскона";"ТДА-ВЭБ";"Web-ASK";"PoweredOn";""
"Host_hoff_litwood";"host-hoff";"";"2";"4";;"19,578125";;"";"Литвуд";"ЛН";"Web";"PoweredOff";""
"host-MK-Stolica-02";"medsettings";"185.189.18.12|fe80::250:56ff:feae:4157|172.19.0.1|fe80::42:ccff:fe7c:3cbd";"4";"4";;;"100";"";"МК Столица";"МКС";"";"PoweredOn";""
"host-ask-web-memcached";"host-ask-web-memcached";"10.0.0.7|172.19.180.115|fe80::250:56ff:fe85:65b|fe80::250:56ff:fe85:87f5";"12";"24";;"100";;"";"ТД Аскона";"ТДА-ВЭБ";"Web-ASK";"PoweredOn";""
"cp-template-679d5ed4-92b2-493b-a2bc-1919b0e1e40c";"it848941276.gw-ad.local";"";"12";"30";"300";;;"";"";"";"";"PoweredOff";""
"atl-it-ws-sav";"atl-it-ws-sav.gw-ad.local";"";"4";"8";;"200";;"";"Атланта";"К";"";"PoweredOff";""
"bitrix-askonamed-test";;"";"2";"4";;"100";;"";"ПКМЦ";"АМС";"Web";"PoweredOff";""
"atl-dev-02";"dev02";"185.189.16.67|fe80::250:56ff:fe85:e826|192.168.100.1|fe80::42:afff:fe51:ec25|192.168.254.141|fe80::250:56ff:fe85:d81b";"4";"4";;"100";;"";"АТЛАНТА";"К";"Portal";"PoweredOn";"SmetaninAV"
"cp-replica-cc0d0e56-ce6d-43d3-b368-ccf84825d182";;"";"12";"30";"300";;;"";"";"";"";"PoweredOff";""
"ltv-zabbix-01";"zabbix";"192.168.254.244|fe80::250:56ff:feae:f0d7";"4";"12";;"160";;"";"Литвуд";"ЛН";"";"PoweredOn";""
"atl-astral";"astralold.gw-ad.local";"192.168.254.39";"8";"36";"850";;;"";"АТЛАНТА";"К";"Astral";"PoweredOn";"SmetaninAV"
"ask-test-cognos";"vm-test-cognos.hcaskona.com";"";"16";"120";;;"300";"";"Аскона-Век";"АВ-БСП";"Cognos";"PoweredOff";""
"atl-dev-rancher-test";"atl-dev-rancher-01";"";"4";"8";;;"100";"";"АТЛАНТА";"К";"тест";"PoweredOff";"Соколов"
"atl-srv-wsus-01";"srv-wsus-01.gw-ad.local";"192.168.254.165";"8";"22";"500";;;"";"АТЛАНТА";"К";"";"PoweredOn";""
"atl-rds-ts-03";"TS03.gw-ad.local";"";"16";"78";;"410";;"";"АТЛАНТА";"К";"RDS";"PoweredOff";"SmetaninAV"
"ask-omni-lk-db03";"prod-omnilk-db03.pos.askona.ru";"192.168.10.159|fe80::250:56ff:feae:2f6d";"8";"32";;"500";;"";"ТД Аскона";"ТДА-ДОМ";"";"PoweredOn";""
"host-ask-web-ngx-01n";"host-ask-web-ngx-01n";"172.19.180.107|fe80::250:56ff:fe85:a1a3|10.0.0.32|fe80::250:56ff:feae:3b3b|185.189.16.71|fe80::250:56ff:fe85:ff12";"12";"8";;"100";;"";"ТД Аскона";"ТДА-ВЭБ";"Web-ASK";"PoweredOn";""
"atl-sig-38";;"";"2";"6";"100";;;"";"";"";"";"PoweredOff";""
"atl-sig-28";;"";"2";"6";"100";;;"";"Атланта";"К";"";"PoweredOff";""
"atl-sig-26";;"";"2";"6";"100";;;"";"Атланта";"К";"";"PoweredOff";""
"atl-sig-17";;"";"2";"6";"100";;;"";"Атланта";"К";"";"PoweredOff";""
"atl-sig-03";;"";"2";"6";"100";;;"";"Атланта";"К";"";"PoweredOff";""
"atl-sig-09";;"";"2";"6";"100";;;"";"Атланта";"К";"";"PoweredOff";""
"1c-kafkabm";"1c-kafkabm";"172.19.220.165|fe80::250:56ff:feae:b3c5";"2";"4";"100";;;"";"";"";"";"PoweredOn";""
"bitrix24-db-delivery-n";;"";"1";"2";"19,578125";;;"";"";"";"";"PoweredOn";""
"1c-kafka-worker1";"1c-kafka-worker1";"172.19.220.163|fe80::250:56ff:feae:a13";"4";"4";"100";;;"";"";"";"";"PoweredOn";""
"1c-kafka-worker2";"1c-kafka-worker2";"172.19.220.164|fe80::250:56ff:feae:331b";"4";"4";"100";;;"";"";"";"";"PoweredOn";""
"atl-ic-vdi-kdm";"ATL-IC-VDI-KDM.gw-ad.local";"192.168.253.11";"6";"32";;"300";;"";"ТД Аскона";"ТДА";"";"PoweredOn";""
"atl-sitcloud-01";"scloud.askonalife.com";"192.168.254.245|fe80::250:56ff:feae:cc7e";"6";"12";"200";;"800";"";"";"";"";"PoweredOn";""
"atl-ic-vdi-407";"atl-ic-vdi-407.gw-ad.local";"172.19.27.88";"2";"6";"100";;;"";"";"";"";"PoweredOn";""
"atl-sharepoint-2013";"shareport.gw-ad.local";"192.168.254.57|fe80::2d24:281:3890:c935";"12";"40";;"400";;"";"АТЛАНТА";"К";"SharePoint";"PoweredOn";""
"ltv-julivi";"JULIVI.gw-ad.local";"192.168.254.37";"2";"4";;"140";;"";"Литвуд";"ЛН";"";"PoweredOn";""
"atl-rdts-03";"srv-rds-03.gw-ad.local";"172.19.180.203";"18";"86";"800";;;"";"АТЛАНТА";"К";"RDS";"PoweredOn";""
"atl-sig-16";;"";"2";"6";"100";;;"";"Атланта";"К";"";"PoweredOff";""
"ces-naumen-monitoring";"nmn-askona-mon";"172.19.220.24|fe80::250:56ff:feae:e2ff";"2";"4";;"150";;"";"ЦЕС АЛГ ООО";"ТДД";"";"PoweredOn";""
"ces-naumen-sql-01";"nmn-askona-pg-app";"172.19.220.21|fe80::250:56ff:feae:2cc7";"4";"16";"500";"50";;"";"ЦЕС АЛГ ООО";"ТДД";"";"PoweredOn";""
"atl-exch-ht-01";"HT01.gw-ad.local";"192.168.254.31";"2";"6";;"200";;"";"АТЛАНТА";"К";"Exchange";"PoweredOn";"SmetaninAV"
"ces-naumen-sd-gateway";"nmn-askona-gw";"172.19.220.20|fe80::250:56ff:feae:72d9";"4";"8";"300";"50";;"";"ЦЕС АЛГ ООО";"ТДД";"";"PoweredOn";""
"atl-1c-app-05";"1c-app-05-atl.gw-ad.local";"172.19.143.11|fe80::c18a:3e75:e12a:5c1e";"6";"24";"205";;;"";"Биёса, ООО";"БР";"1C APP";"PoweredOn";""
"atl-sig-15";;"";"2";"6";"100";;;"";"Атланта";"К";"";"PoweredOff";""
"atl-1c-app-01";"1c-app-01-atl.gw-ad.local";"172.19.143.12|fe80::6108:d6b1:38e8:f0c9";"6";"32";"200";;;"";"АТЛАНТА";"К";"";"PoweredOn";""
"atl-ic-vdi-219";"atl-ic-vdi-219.gw-ad.local";"172.19.27.79";"2";"6";;"250";;"";"42-sol";"МТ";"";"PoweredOn";""
"atl-wiki-01";;"";"2";"6";"200";;;"";"АТЛАНТА";"К";"";"PoweredOn";""
"atl-sig-12";;"";"2";"6";"100";;;"";"Атланта";"К";"";"PoweredOff";""
"bitrix24-db-delivery";;"";"1";"2";"19,578125";;;"";"Курорт Доброград";"АТ";"";"PoweredOff";""
"atl-bitwarden-01";;"";"2";"6";"200";;;"";"АТЛАНТА";"К";"";"PoweredOn";""
"atl-klen-ts-update-1c";"SRV-KLEN-TS-1S.gw-ad.local";"172.19.180.196";"8";"64";;"770";;"";"Атланта";"К";"RDS";"PoweredOn";""
"ltv-1c-mssql-03-dev";"1c-mssql-03-pmt-test.gw-ad.local";"192.168.254.166";"18";"128";;;"21102";"";"Литвуд";"ЛН";"MS SQL";"PoweredOn";""
"bitrix-mir";;"";"2";"2";"100";;;"";"Школа";"МИ";"";"PoweredOn";""
"atl-sig-36";;"";"2";"6";"100";;;"";"";"";"";"PoweredOff";""
"atl-rdts-09";"srv-rds-09.gw-ad.local";"172.19.180.210";"18";"86";"840";;;"";"Атланта";"К";"";"PoweredOn";""
"atl-sig-05";;"";"2";"6";"100";;;"";"Атланта";"К";"";"PoweredOff";""
"ces-naumen-sd-singleton";"nmn-askona-app";"172.19.220.19|fe80::250:56ff:feae:256c";"8";"8";;"350";;"";"ЦЕС АЛГ ООО";"ТДД";"";"PoweredOn";""
"atl-1c-app-03";"1c-app-03-atl.gw-ad.local";"172.19.143.14|fe80::4d48:1cec:d12a:4249";"16";"24";"200";;;"";"АТЛАНТА";"К";"";"PoweredOn";""
"atl-rdts-10";"srv-rds-10.gw-ad.local";"172.19.180.211";"26";"86";"670";;;"";"Атланта";"К";"";"PoweredOn";""
"atl-sig-02";;"";"2";"6";"100";;;"";"Атланта";"К";"";"PoweredOff";""
"atl-sig-37";;"";"2";"6";"100";;;"";"";"";"";"PoweredOff";""
"atl-rdts-06";"srv-rds-06.gw-ad.local";"172.19.180.206";"28";"86";"740";;;"";"Атланта";"К";"терминал";"PoweredOn";""
"atl-rdts-02";"srv-rds-02.gw-ad.local";"172.19.180.202";"26";"86";"740";;;"";"АТЛАНТА";"К";"RDS";"PoweredOn";"SmetaninAV"
"atl-oos-01";;"";"6";"12";"200";;;"";"";"";"";"PoweredOn";""
"ces-naumen-sd-report";"nmn-askona-rep";"172.19.220.27|fe80::250:56ff:feae:4e3e";"4";"8";"300";"50";;"";"ЦЕС АЛГ ООО";"ТДД";"";"PoweredOn";""
"ces-naumen-fs";"nmn-askona-fs";"172.19.220.25|fe80::250:56ff:feae:19c2";"4";"4";;"500";;"";"ЦЕС АЛГ ООО";"ТДД";"";"PoweredOn";""
"ces-naumen-lb";"nmn-askona-lb";"172.19.220.18|fe80::250:56ff:feae:8479";"1";"2";;"50";;"";"ЦЕС АЛГ ООО";"ТДД";"";"PoweredOn";""
"atl-zabbix-vm";"localhost.localdomain";"192.168.254.11|fe80::250:56ff:feae:aba4";"6";"12";;"260";;"";"АТЛАНТА";"К";"Zabbix";"PoweredOn";""
"atl-win-10";;"";"4";"6";;"100";;"";"";"";"";"PoweredOn";""
"atl-sig-29";;"";"2";"6";"100";;;"";"Атланта";"К";"";"PoweredOff";""
"atl-csp-51";"atl-csp-51.gw-ad.local";"172.19.6.16";"2";"6";;"100";;"";"СЗ Доброград";"СЗД";"";"PoweredOn";""
"atl-ic-vdi-402";"atl-ic-vdi-402.gw-ad.local";"172.19.27.87";"2";"6";"100";;;"";"";"";"";"PoweredOn";""
"atl-ic-vdi-308";"atl-ic-vdi-308.gw-ad.local";"172.19.27.76";"4";"16";"100";;;"";"42-sol";"МТ";"";"PoweredOn";""
"atl-sig-13";;"";"2";"6";"100";;;"";"Атланта";"К";"";"PoweredOff";""
"atl-servdesk";"srvdsk01.gw-ad.local";"192.168.254.50";"20";"10";"310";;;"";"АТЛАНТА";"К";"Portal";"PoweredOn";"SmetaninAV"
"atl-rds-ts-06-ukrain";"ts06.gw-ad.local";"192.168.254.106";"16";"40";;"800";;"";"АТЛАНТА";"К";"RDS";"PoweredOn";"SmetaninAV"
"atl-ic-vdi-302";"atl-ic-vdi-302.gw-ad.local";"172.19.27.66";"2";"6";"100";;;"";"Аскона-Тех";"ЛН-ТЕХ";"";"PoweredOn";""
"atl-1c-app-02-dev";"1c-app02.gw-ad.local";"192.168.254.100";"12";"64";"230";;;"";"АТЛАНТА";"К";"1C APP";"PoweredOn";"SmetaninAV"
"atl-1c-app-16";"1c-app-16-atl.gw-ad.local";"";"6";"16";"100";;;"";"Атланта";"К";"";"PoweredOff";""
"atl-sig-10";;"";"2";"6";"100";;;"";"Атланта";"К";"";"PoweredOff";""
"atl-1c-app-15";"1c-app-15-atl.gw-ad.local";"";"6";"16";"100";;;"";"Атланта";"К";"";"PoweredOff";""
"vm-admin-ps";"vm-admin-ps.gw-ad.local";"192.168.254.170";"6";"12";"320";;;"";"АТЛАНТА";"К";"";"PoweredOn";""
"atl-1c-app-12";"1c-app-12-atl.gw-ad.local";"";"6";"16";"100";;;"";"Атланта";"К";"";"PoweredOff";""
"atl-sig-23";;"";"2";"6";"100";;;"";"Атланта";"К";"";"PoweredOff";""
"atl-ic-vdi-211";"atl-ic-vdi-211.gw-ad.local";"172.19.27.52";"2";"6";;"100";;"";"АТЛАНТА";"К";"";"PoweredOn";""
"cp-replica-e3e52b5c-819d-467e-97ab-b9b34a193a94";;"";"2";"6";"100";;;"";"";"";"";"PoweredOff";""
"atl-sig-24";;"";"2";"6";"100";;;"";"Атланта";"К";"";"PoweredOff";""
"atl-1c-app-14";"1c-app-14-atl.gw-ad.local";"";"6";"16";"100";;;"";"Атланта";"К";"";"PoweredOff";""
"atl-1c-lic-04-test";"1c-lic-04.gw-ad.local";"192.168.254.124";"4";"4";"100";;;"";"Литвуд";"ЛН";"";"PoweredOn";""
"aisi-ws-03";"aisi-ws-03.gw-ad.local";"172.19.27.22|fe80::a46a:54c3:b5f7:7754";"2";"4";"200";;;"";"АйСи ООО";"ТДД";"IT-WS";"PoweredOn";""
"ces-naumen-sql-report";"nmn-askona-pg-rep";"172.19.220.26|fe80::250:56ff:feae:e29f";"4";"8";;"50";;"";"ЦЕС АЛГ ООО";"ТДД";"";"PoweredOn";""
"cp-template-08460058-8497-49d2-8e98-762c97a47303";;"";"2";"6";;"100";;"";"";"";"";"PoweredOff";""
"ltv-1c-lic-02";"ltv-1c-lic-02.gw-ad.local";"192.168.254.177";"6";"8";"100";;;"";"Литвуд";"ЛН";"1C";"PoweredOn";""
"ltv-clickhouse-01";"ltv-ya";"192.168.254.82|fe80::250:56ff:feae:2160";"4";"8";;"400";;"";"Литвуд";"ЛН";"";"PoweredOn";""
"atl-1c-app-13";"1c-app-13-atl.gw-ad.local";"";"6";"16";"100";;;"";"Атланта";"К";"";"PoweredOff";""
"atl-rds-ts-07";"TS07.gw-ad.local";"";"16";"82";;"430";;"";"АТЛАНТА";"К";"RDS";"PoweredOff";"SmetaninAV"
"vcsa67n";"vcsa.gw-ad.local";"192.168.250.9";"8";"24";"498,6982421875";;;"";"АТЛАНТА";"К";"VCSA";"PoweredOn";""
"host-ask-dev-sandbox-web-01";"host-ask-sandbox-01";"185.189.16.134|fe80::250:56ff:feae:2c52|172.19.180.126|fe80::250:56ff:feae:d998|10.0.0.24|fe80::b58d:3831:dd8b:e253";"42";"74";"780";;;"";"ТД Аскона";"ТДА-ВЭБ";"Web-ASK";"PoweredOn";""
"ces-naumen-artemis";"nmn-askona-mq";"172.19.220.23|fe80::250:56ff:feae:f786";"2";"6";"50";"50";;"";"ЦЕС АЛГ ООО";"ТДД";"";"PoweredOn";""
"atl-1c-app-18";;"";"6";"16";"100";;;"";"Атланта";"К";"";"PoweredOff";""
"atl-ic-vdi-404";"atl-ic-vdi-404.gw-ad.local";"172.19.27.83";"2";"6";"100";;;"";"ЦЕС АЛГ";"ТДД";"";"PoweredOn";""
"1c-kafkabm03";"1c-kafkabm03";"172.19.220.167|fe80::250:56ff:feae:7f55";"2";"4";"100";;;"";"";"";"";"PoweredOn";""
"atl-backup-proxy254-v2";"bproxy2.gw-ad.local";"192.168.254.214";"12";"12";;"200";;"";"";"";"";"PoweredOn";""
"atl-1c-lic-01n";"atl-1c-lic-01.gw-ad.local";"192.168.254.220|fe80::9173:6200:237d:e9ac";"6";"8";"100";;;"";"Литвуд";"ЛН";"";"PoweredOn";""
"atl-sig-25";;"";"2";"6";"100";;;"";"Атланта";"К";"";"PoweredOff";""
"atl-sig-33";;"";"2";"6";"100";;;"";"АТЛАНТА";"К";"";"PoweredOff";""
"atl-UTM-01";"localhost";"172.19.230.130|185.189.16.254|169.254.1.6|169.254.1.1|169.254.1.2";"8";"16";"300";;;"";"АТЛАНТА";"К";"";"PoweredOn";""
"atl-exch-mb2k10-01";"mb01.gw-ad.local";"192.168.0.2|fe80::b869:f29:866c:413d|169.254.1.170|192.168.254.32";"2";"6";;"540";;"";"АТЛАНТА";"К";"Exchange";"PoweredOn";"SmetaninAV"
"atl-ic-vdi-304";"atl-ic-vdi-304.gw-ad.local";"172.19.27.82";"2";"6";"100";;;"";"Адапта";"МТ";"";"PoweredOn";""
"atl-ic-vdi-223";"atl-ic-vdi-223.gw-ad.local";"172.19.27.64";"2";"6";;"100";;"";"";"";"";"PoweredOn";""
"atl-ic-vdi-001";"atl-ic-vdi-001.gw-ad.local";"172.19.27.26";"6";"16";;"300";;"";"";"";"";"PoweredOn";"Межевова Наталья Вадимовна"
"ask-databus-Rabbit";"Databus.gw-ad.local";"192.168.254.19|fe80::29b3:f148:b486:61b6";"8";"32";"360";;;"";"Аскона-Тех";"ЛН-ТЕХ";"";"PoweredOn";"GalitskiyEM"
"atl-ic-vdi-210";"atl-ic-vdi-210.gw-ad.local";"172.19.27.51";"2";"6";;"100";;"";"42-sol";"МТ";"";"PoweredOn";"Масляев Вячеслав"
"cp-replica-a1d43b87-d8a4-43d4-a27a-ad48c2694fa9";;"";"2";"6";;"100";;"";"";"";"";"PoweredOff";""
"atl-astral-00";;"";"4";"8";;"700";;"";"Атланта";"К";"";"PoweredOff";""
"atl-ic-vdi-011";"atl-ic-vdi-011.gw-ad.local";"172.19.27.37";"2";"6";;"100";;"";"Атланта";"К";"WS-VDI";"PoweredOn";""
"atl-ic-vdi-217";"atl-ic-vdi-217.gw-ad.local";"172.19.27.58";"2";"6";;"100";;"";"Атланта";"К";"";"PoweredOn";""
"atl-srv-mata";"srv-mata-01.gw-ad.local";"192.168.254.90";"6";"16";"10000";;;"";"АТЛАНТА";"К";"";"PoweredOn";""
"atl-ic-vdi-003";"atl-ic-vdi-003.gw-ad.local";"172.19.27.25";"2";"6";;"100";;"";"ТД Аскона";"ТДА-ВЭБ";"";"PoweredOn";""
"atl-grafana";"atl-grafana";"192.168.254.148|fe80::250:56ff:feae:bab9";"2";"8";"50";;;"";"Атланта";"К";"";"PoweredOn";"Гаврилов"
"atl-ic-vdi-213";;"";"2";"6";;"100";;"";"42-sol";"МТ";"";"PoweredOff";""
"atl-ic-vdi-006";"atl-ic-vdi-006.gw-ad.local";"172.19.27.30";"2";"6";;"100";;"";"";"";"WS-VDI";"PoweredOn";"galitskiyem"
"atl-ic-vdi-201";"atl-ic-vdi-201.gw-ad.local";"172.19.27.39";"2";"6";;"100";;"";"Градострой ООО";"ХК";"WS-VDI";"PoweredOn";""
"atl-ic-vdi-405";"atl-ic-vdi-405.gw-ad.local";"172.19.27.86";"2";"6";"100";;;"";"";"";"";"PoweredOn";""
"atl-ic-vdi-214";"atl-ic-vdi-214.gw-ad.local";"172.19.27.55";"6";"16";;"100";;"";"ТД Аскона";"ТДА";"";"PoweredOn";""
"atl-rdts-05";"srv-rds-05.gw-ad.local";"172.19.180.205";"18";"86";"700";;;"";"Атланта";"К";"";"PoweredOn";""
"cp-replica-e44c46a3-9363-46c0-bc42-d56330cd7923";;"";"2";"6";;"100";;"";"";"";"";"PoweredOff";""
"atl-exch-mbx-01";"exch-mbx-01.gw-ad.local";"192.168.254.201";"18";"92";"12750";;;"";"";"";"";"PoweredOn";""
"atl-fserver-01";"fserver.gw-ad.local";"192.168.254.243";"4";"6";"113,2412109375";;"52612,7999992371";"";"АТЛАНТА";"К";"";"PoweredOn";"SmetaninAV"
"atl-1c-app-03-upp";"1c-app-gw-03-upp.gw-ad.local";"192.168.254.183";"12";"62";;"520";;"";"АТЛАНТА";"К";"1C APP";"PoweredOn";"SmetaninAV"
"atl-ic-vdi-215";"atl-ic-vdi-215.gw-ad.local";"172.19.27.50";"2";"6";;"100";;"";"Атланта";"К";"";"PoweredOn";""
"cp-replica-07c5fe9f-8107-4349-9578-8cc94ce83ce0";;"";"2";"6";;"100";;"";"";"";"";"PoweredOff";""
"atl-sig-32";;"";"2";"6";"100";;;"";"Атланта";"К";"";"PoweredOff";""
"atl-sig-34";;"";"2";"6";"100";;;"";"";"";"";"PoweredOff";""
"atl-sig-06";;"";"2";"6";"100";;;"";"Атланта";"К";"";"PoweredOff";""
"atl-sig-22";;"";"2";"6";"100";;;"";"Атланта";"К";"";"PoweredOff";""
"atl-sig-39";;"";"2";"6";"100";;;"";"";"";"";"PoweredOff";""
"atl-sig-04";;"";"2";"6";"100";;;"";"Атланта";"К";"";"PoweredOff";""
"atl-CalibreEbook";"lib";"192.168.253.16|fe80::250:56ff:feae:83c9";"2";"6";;"200";;"";"АТЛАНТА";"К";"";"PoweredOn";""
"atl-rdts-04";"srv-rds-04.gw-ad.local";"172.19.180.204";"18";"86";"660";;;"";"Атланта";"К";"";"PoweredOn";""
"atl-1c-app-01-dev";"1c-app-01-dev.gw-ad.local";"192.168.254.35";"18";"72";"900";;;"";"Атланта";"К";"сервер тестовых баз 1с";"PoweredOn";""
"host_crm-dobrograd";"crm.dobrograd.ru";"185.189.16.129|fe80::250:56ff:feae:6497|192.168.255.14|fe80::250:56ff:feae:b634";"4";"32";"256";"2048";;"";"Курорт Доброград";"АТ";"Web";"PoweredOn";""
"atl-sig-27";;"";"2";"6";"100";;;"";"Атланта";"К";"";"PoweredOff";""
"ltv-1c-app-01-test";"test1capp.gw-ad.local";"192.168.254.152";"8";"64";;;"200";"";"Литвуд";"ЛН";"1C APP";"PoweredOn";""
"tda-blockchain-api-gal-01";"blockchain-api-gal";"10.10.3.1|fe80::42:7aff:fe5a:eaae|172.20.0.1|192.168.254.133|fe80::250:56ff:fe85:5c06";"2";"2";;"100";;"";"Аскона-Тех";"ЛН-ТЕХ";"Blockchain";"PoweredOn";""
"srv-ask-esb";"vm-srv-esb.hcaskona.com";"192.168.10.61";"14";"62";"350";;;"";"Аскона-Век";"АВ-ВМС";"Cognos";"PoweredOn";""
"cp-template-dc847d2f-dc1c-4915-9d48-71f2834b0cf8";"it86553338.gw-ad.local";"";"2";"6";;"100";;"";"";"";"";"PoweredOff";""
"atl-ic-vdi-220";"atl-ic-vdi-220.gw-ad.local";"172.19.27.61";"4";"16";;"100";;"";"ТД Аскона";"ТДА";"";"PoweredOn";""
"atl-ic-vdi-306";"atl-ic-vdi-306.gw-ad.local";"172.19.27.71";"2";"6";"100";;;"";"АТЛАНТА";"К";"";"PoweredOn";""
"atl-ic-vdi-216";"atl-ic-vdi-216.gw-ad.local";"172.19.27.57";"2";"6";;"100";;"";"Аскона-Тех";"ЛН-ТЕХ";"";"PoweredOn";""
"atl-ic-vdi-218";"atl-ic-vdi-218.gw-ad.local";"172.19.27.59";"2";"6";;"100";;"";"";"";"";"PoweredOn";""
"atl-1c-app-04";"1c-app-04-atl.gw-ad.local";"172.19.143.15|fe80::b8c8:b46e:a53:e104";"6";"16";"100";;;"";"АТЛАНТА";"К";"";"PoweredOn";""
"atl-1c-app-08";"1c-app-08-atl.gw-ad.local";"172.19.143.18|fe80::1100:de8b:d2c7:90ce";"6";"16";"100";;;"";"Атланта";"К";"";"PoweredOn";""
"atl-ic-vdi-222";"atl-ic-vdi-222.gw-ad.local";"172.19.27.62";"2";"6";;"100";;"";"42-sol";"МТ";"";"PoweredOn";""
"atl-1c-app-02";"1c-app-02-atl.gw-ad.local";"172.19.143.13|fe80::18fa:2a3d:ce7d:b858";"6";"32";"160";;;"";"АТЛАНТА";"К";"";"PoweredOn";""
"cp-replica-5ee69da9-332a-4201-b0a8-cf35b809feda";;"";"2";"6";"100";;;"";"";"";"";"PoweredOff";""
"atl-1c-app-17";"1c-app-17-atl.gw-ad.local";"";"6";"16";"100";;;"";"Атланта";"К";"";"PoweredOff";""
"atl-sig-44";;"";"2";"6";"100";;;"";"";"";"";"PoweredOff";""
"atl-1c-app-11";"1c-app-11-atl.gw-ad.local";"";"6";"16";"100";;;"";"Атланта";"К";"";"PoweredOff";""
"atl-sig-11";;"";"2";"6";"100";;;"";"Атланта";"К";"";"PoweredOff";""
"ces-ncloud-new";"ces-ncloud";"192.168.254.164|fe80::250:56ff:feae:45b";"6";"12";"2200";;;"";"";"";"";"PoweredOn";""
"atl-csp-41";"atl-csp-41.gw-ad.local";"172.19.6.12";"2";"6";;"100";;"";"АТЛАНТА";"К";"";"PoweredOn";""
"atl-csp-421";"atl-csp-421.gw-ad.local";"172.19.6.25";"2";"6";;"100";;"";"Атланта";"К";"";"PoweredOn";""
"atl-1c-app-10";"1c-app-10-atl.gw-ad.local";"172.19.143.20|fe80::7dd8:c18f:4f0a:2d10";"8";"28";"100";;;"";"Атланта";"К";"";"PoweredOn";""
"cp-template-197cb860-0315-4fff-9397-ce72486b1adb";;"";"2";"6";;"100";;"";"";"";"";"PoweredOff";""
"atl-it-ws-ken";"atl-it-ws-ken.gw-ad.local";"172.19.180.150";"4";"16";"200";;;"";"АТЛАНТА";"К";"";"PoweredOn";""
"cp-replica-4397a819-07f8-44ea-9ccc-ca87965ae132";;"";"2";"6";"100";;;"";"";"";"";"PoweredOff";""
"atl-sig-30";;"";"2";"6";"100";;;"";"Атланта";"К";"";"PoweredOff";""
"atl-sig-20";;"";"2";"6";"100";;;"";"Атланта";"К";"";"PoweredOff";""
"atl-1c-app-06";"1c-app-06-atl.gw-ad.local";"172.19.143.16|fe80::719e:3bad:a928:940a";"12";"62";"100";;;"";"Атланта";"К";"";"PoweredOn";""
"atl-sig-19";;"";"2";"6";"100";;;"";"Атланта";"К";"";"PoweredOff";""
"atl-sig-21";;"";"2";"6";"100";;;"";"Атланта";"К";"";"PoweredOff";""
"atl-ic-vdi-204";"atl-ic-vdi-204.gw-ad.local";"172.19.27.42";"4";"12";;"100";;"";"ЦЕС АЛГ";"ТДД";"WS-VDI";"PoweredOn";"Захарова Анастасия"
"atl-ic-vdi-009";"atl-ic-vdi-009.gw-ad.local";"172.19.27.33";"2";"6";;"100";;"";"";"";"WS-VDI";"PoweredOn";"melekhovai"
"atl-1c-app-07";;"";"6";"16";"300";;;"";"Аскона Казахстан";"АКЗ";"1CAPP";"PoweredOn";""
"atl-astral-03";"srv-astral-03.gw-ad.local";"192.168.254.131";"6";"12";;"700";;"";"Атланта";"К";"";"PoweredOn";""
"1c-kafka";"1c-kafka";"172.19.220.162|fe80::250:56ff:feae:3207";"2";"4";"100";;;"";"";"";"";"PoweredOn";""
"atl-rds-storage-01";"storage01.gw-ad.local";"192.168.254.129";"8";"10";"5200";"200";;"";"АТЛАНТА";"К";"RDS Profile Datastore";"PoweredOn";"SmetaninAV"
"atl-rdts-01";"srv-rds-01.gw-ad.local";"172.19.180.201";"18";"86";"600";;;"";"АТЛАНТА";"К";"RDS";"PoweredOn";"SmetaninAV"
"atl-sig-18";;"";"2";"6";"100";;;"";"Атланта";"К";"";"PoweredOff";""
"atl-rkeeper";"rkeeper.gw-ad.local";"192.168.254.115";"8";"12";;"1100";;"";"Фудкорт";"ФК";"R-Keeper";"PoweredOn";"SmetaninAV"
"atl-1c-app-09";"1c-app-09-atl.gw-ad.local";"172.19.143.19|fe80::6d8a:7d16:cf3d:fcef";"12";"24";"200";;;"";"Атланта";"К";"";"PoweredOn";""
"ltv-srv-pmt-win16";"srv-pmt-win16.gw-ad.local";"192.168.253.3";"4";"12";;"100";;"";"Литвуд";"ЛН";"";"PoweredOn";"SmirnovOP"
"atl-sig-35";;"";"2";"6";"100";;;"";"";"";"";"PoweredOff";""
"ces-naumen-sql-02";"nmn-askona-pg-gw";"172.19.220.22|fe80::250:56ff:feae:8e5f";"4";"8";"300";"50";;"";"ЦЕС АЛГ ООО";"ТДД";"";"PoweredOn";""
"atl-ic-vdi-002";"atl-ic-vdi-002.gw-ad.local";"172.19.27.24";"2";"6";;"100";;"";"АйСи";"ТДД";"WS-VDI";"PoweredOn";""
"ask-omni-lk-db02";"prod-omnilk-db02.pos.askona.ru";"192.168.10.136";"8";"32";"500";;;"";"ТД Аскона";"ТДА-ДОМ";"";"PoweredOn";""
"host-ask-sql-infobus-01";"host-ask-sql-infobus-01";"10.0.0.27|fe80::250:56ff:fe85:c22b|172.19.180.121|fe80::250:56ff:fe85:739";"8";"12";;"200";;"";"ТД Аскона";"ТДА-ВЭБ";"Web-ASK";"PoweredOn";""
"atl-ic-vdi-015";"atl-ic-vdi-015.gw-ad.local";"172.19.27.41";"2";"6";;"100";;"";"АйСи ООО";"ТДД";"WS-VDI";"PoweredOn";""
"atl-ic-vdi-403";"atl-ic-vdi-403.gw-ad.local";"172.19.27.78";"2";"6";"100";;;"";"42-sol";"МТ";"";"PoweredOn";""
"atl-test-Ubuntu";"ubuntu";"192.168.253.8|fe80::250:56ff:feae:e33d|172.19.0.1|fe80::42:75ff:fe57:ab0c|172.24.0.1|fe80::42:7aff:fec4:c176";"8";"30";"300";;;"";"Атланта";"К";"";"PoweredOn";"Гаврилов"
"atl-ic-vdi-303";"atl-ic-vdi-303.gw-ad.local";"172.19.27.68";"2";"6";"100";;;"";"Атланта";"К";"";"PoweredOn";""
"atl-open-vas-9";"gsm";"";"2";"2";;"15";;"";"АТЛАНТА";"К";"";"PoweredOff";"SmetaninAV"
"atl-ic-vdi-010";"atl-ic-vdi-010.gw-ad.local";"172.19.27.34";"2";"6";;"100";;"";"";"";"WS-VDI";"PoweredOn";"pavlovdr"
"atl-nfs-repo-02";"atl-nfs-repo-02";"192.168.254.168|fe80::250:56ff:feae:52f6";"6";"12";"56520";;;"56320";"АТЛАНТА";"К";"";"PoweredOn";""
"atl-ic-vdi-310";"atl-ic-vdi-310.gw-ad.local";"172.19.27.72";"2";"6";"100";;;"";"Адапта";"МТ";"";"PoweredOn";""
"atl-1c-mssql-dev";"MSSQL1CT.gw-ad.local";"192.168.254.233|fe80::b566:9f8d:ae46:6e6a";"40";"60";;;"14810";"";"АТЛАНТА";"К";"MS SQL";"PoweredOn";""
"atl-csp-01";"atl-csp-01.gw-ad.local";"172.19.6.13";"2";"6";;"100";;"";"Курорт Доброград";"АТ";"";"PoweredOn";""
"atl-sig-08";;"";"2";"6";"100";;;"";"Атланта";"К";"";"PoweredOff";""
"cp-template-f781fd62-0e90-495e-a643-d4491ee5eae4";;"";"2";"6";;"100";;"";"";"";"";"PoweredOff";""
"HostingALL";"hostgw";"";"1";"2";;"200";;"";"АТЛАНТА";"К";"Web";"PoweredOff";""
"atl-ic-vdi-309";"atl-ic-vdi-309.gw-ad.local";"172.19.27.74";"2";"6";"100";;;"";"Атланта";"К";"";"PoweredOn";""
"atl-ic-vdi-221";"atl-ic-vdi-221.gw-ad.local";"172.19.27.63";"4";"16";;"100";;"";"АйСи";"ТДД";"";"PoweredOn";""
"cp-replica-d64ec5ce-14a7-46eb-906a-868abd4caad1";"it1572334118.gw-ad.local";"";"6";"16";;"700";;"";"";"";"";"PoweredOff";""
"atl-ic-vdi-014";"atl-ic-vdi-014.gw-ad.local";"172.19.27.32";"2";"6";;"100";;"";"";"";"WS-VDI";"PoweredOn";""
"test-astralinux";;"";"4";"8";;"100";;"";"";"";"";"PoweredOn";""
"atl-astral-01";"srv-astral-01.gw-ad.local";"192.168.254.222";"6";"16";"700";;;"";"Атланта";"К";"";"PoweredOn";""
"atl-csp-11";"atl-csp-11.gw-ad.local";"172.19.6.15";"2";"6";;"100";;"";"Курорт Доброград";"АТ";"";"PoweredOn";""
"atl-csp-02";"atl-csp-02.gw-ad.local";"172.19.6.14";"2";"6";;"100";;"";"Атланта";"К";"";"PoweredOn";""
"ces-srv-kontur";;"";"4";"8";"700";;;"";"Атланта";"К";"";"PoweredOff";""
"atl-ic-vdi-208";;"";"2";"6";;"100";;"";"Атланта";"К";"";"PoweredOff";""
"dbg-csp-81";"dbg-csp-81.gw-ad.local";"172.19.6.11";"2";"6";;"100";;"";"ГРАДОСТРОЙ";"ХК";"";"PoweredOn";""
"atl-srv-dc-04";"dc4.gw-ad.local";"192.168.254.4";"4";"10";;"100";;"";"Атланта";"К";"azure sync kz";"PoweredOn";""
"cp-replica-66523e5a-6fd0-43a5-be15-d567cca5badd";;"";"2";"6";;"100";;"";"";"";"";"PoweredOff";""
"ltv-nifi-01n";"localhost.localdomain";"192.168.254.143|fe80::250:56ff:feae:97ad";"10";"32";"255";"100";;"";"Литвуд";"ЛН";"";"PoweredOn";""
"atl-ic-vdi-301";"atl-ic-vdi-301.gw-ad.local";"169.254.85.120";"2";"6";"100";;;"";"Атланта";"К";"";"PoweredOn";""
"atl-ic-vdi-401";"atl-ic-vdi-401.gw-ad.local";"172.19.27.85";"2";"6";"100";;;"";"Аскона-Тех";"ЛН-Тех";"";"PoweredOn";""
"atl-rds-ts-01";"TS01.gw-ad.local";"192.168.254.101";"4";"12";;"350";;"";"АТЛАНТА";"К";"RDS";"PoweredOn";"SmetaninAV"
"atl-ic-vdi-206";"atl-ic-vdi-206.gw-ad.local";"172.19.27.44";"2";"6";;"100";;"";"";"";"";"PoweredOn";""
"cp-template-59f81be7-2c60-4abc-99c3-30ca5e2e9d06";;"";"6";"16";"700";;;"";"";"";"";"PoweredOff";""
"1c-kafkabm02";"1c-kafkabm02";"172.19.220.166|fe80::250:56ff:feae:a2a9";"2";"4";"100";;;"";"";"";"";"PoweredOn";""
"atl-ic-vdi-207";"atl-ic-vdi-207.gw-ad.local";"172.19.27.45";"2";"6";;"100";;"";"";"";"";"PoweredOn";""
"atl-ic-vdi-205";"atl-ic-vdi-205.gw-ad.local";"172.19.27.43";"2";"18";;"100";;"";"42-sol";"МТ";"";"PoweredOn";"Норматова ТН"
"atl-ic-vdi-212";"atl-ic-vdi-212.gw-ad.local";"172.19.27.53";"2";"6";;"100";;"";"";"";"";"PoweredOn";""
"atl-ic-vdi-202";"atl-ic-vdi-202.gw-ad.local";"172.19.27.38";"2";"6";;"100";;"";"42-sol";"МТ";"WS-VDI";"PoweredOn";"Козлов Владимир Александрович"
"atl-ic-vdi-305";"atl-ic-vdi-305.gw-ad.local";"172.19.27.70";"2";"6";"100";;;"";"Атланта";"К";"";"PoweredOn";""
"atl-ic-vdi-203";"atl-ic-vdi-203.gw-ad.local";"172.19.27.40";"2";"6";;"100";;"";"Аскона-Тех";"ЛН-ТЕХ";"";"PoweredOn";""
"atl-sig-14";;"";"2";"6";"100";;;"";"Атланта";"К";"";"PoweredOff";""
"atl-sig-43";;"";"2";"6";"100";;;"";"";"";"";"PoweredOff";""
"atl-sig-42";;"";"2";"6";"100";;;"";"";"";"";"PoweredOff";""
"atl-sig-31";;"";"2";"6";"100";;;"";"Атланта";"К";"";"PoweredOff";""
"atl-sig-07";;"";"2";"6";"100";;;"";"Атланта";"К";"";"PoweredOff";""
"atl-sig-01";;"";"2";"6";"100";;;"";"Атланта";"К";"";"PoweredOff";""
"atl-ic-vdi-307";"atl-ic-vdi-307.gw-ad.local";"172.19.27.56";"2";"6";"100";;;"";"Адапта";"МТ";"";"PoweredOn";""
"atl-sig-41";;"";"2";"6";"100";;;"";"";"";"";"PoweredOff";""
"atl-sig-40";;"";"2";"6";"100";;;"";"";"";"";"PoweredOff";""
"atl-ic-vdi-209";;"";"2";"10";;"100";;"";"АТЛАНТА";"К";"";"PoweredOff";""
"atl-web-doc-01";"atl-web-doc-01";"192.168.254.241|fe80::250:56ff:feae:8cca|172.18.0.1|fe80::42:b3ff:fedc:148a";"2";"2";"200";;;"";"";"";"";"PoweredOn";""
"atl-1c-mssql";"MSSQL1C.gw-ad.local";"192.168.254.230|fe80::f9b7:6d96:68d1:c39a";"32";"330";"18160";;;"";"АТЛАНТА";"К";"MS SQL";"PoweredOn";""
"atl-ic-vdi-406";"atl-ic-vdi-406.gw-ad.local";"172.19.27.77";"2";"6";"100";;;"";"";"";"";"PoweredOn";""
"dbg_mediasrv_n";;"";"4";"20";;"210";;"";"Курорт Доброград";"АТ";"";"PoweredOn";""
"dbg-mir-ad-01";"mir-ad-01.mir.gw-ad.local";"172.18.110.2";"6";"16";;"100";;"";"Школа и детский сад МИР";"МИ";"";"PoweredOn";""
"dbg-skud-forpost";"dbgadm";"172.18.5.40|fe80::250:56ff:feae:48eb";"22";"64";;"3072";;"";"АТЛАНТА";"К";"";"PoweredOn";""
"dbg_Fidelio_new";"fidsv.gw-ad.local";"172.18.5.8";"8";"16";;"300";;"";"Курорт Доброград";"АТ";"";"PoweredOn";""
"dbg_mir_bolid";"mir-bolid.mir.gw-ad.local";"172.18.110.9|fe80::5876:a63e:fe43:3600";"4";"16";;"200";;"";"Школа и детский сад МИР";"МИ";"";"PoweredOn";""
"dbg_tng_01";"tng";"172.18.5.29|fe80::5732:4f1b:3b6f:fdfb";"4";"16";;"500";;"";"Курорт Доброград";"АТ";"";"PoweredOn";""
"dbg_bolid";;"";"4";"16";;"200";;"";"";"";"";"PoweredOff";""
"dbg_TNG";"tng_old";"172.18.5.39|fe80::e543:3582:6374:cd09|192.168.122.1";"4";"12";;"300";;"";"Курорт Доброград";"АТ";"Сервер системы торговли TNG";"PoweredOn";""
"dbg-argo";;"";"4";"8";;"100";;"";"АТЛАНТА";"К";"";"PoweredOn";""
"dbg_Asterisk_315126";"asteriskHOTEL";"172.18.5.32|fe80::250:56ff:feae:16b0";"4";"2";;"100";;"";"Администрация города Доброград";"ГУ";"";"PoweredOn";""
"dbg-dhcp-02";;"";"4";"6";;;"200";"";"";"";"";"PoweredOff";""
"dbg_FidelioV8sv_move";"fidsv.gw-ad.local";"";"8";"16";;"300";;"";"Курорт Доброград";"АТ";"";"PoweredOff";""
"dbg_BackupProxies";;"172.18.5.16";"6";"10";;"200";;"";"АТЛАНТА";"К";"Сервер для бекапирования файлов в ЦоД Атланта (veam)";"PoweredOn";""
"dbg-parkonika-01";"aps-srv";"";"2";"6";;"2308";;"";"СЗ Доброград";"СЗД";"";"PoweredOff";""
"dbg_Asterisk03_mir";"";"172.18.110.8|fe80::250:56ff:feae:15d0|192.168.83.2|fe80::250:56ff:feae:750c";"4";"2";;"100";;"";"Школа и детский сад МИР";"МИ";"";"PoweredOn";""
"dbg_ROS-DOBROGRAD-GW-1_move";"ROS-DG-GW-1";"84.53.218.148|172.18.31.3|172.18.254.35|10.255.48.3|172.18.29.3|172.18.0.251";"2";"2";;"0,125";;"";"Курорт Доброград";"АТ";"";"PoweredOn";""
"dbg-mir-dhcp-01";"mir-dhcp-01.mir.gw-ad.local";"172.18.110.6|fe80::c8f5:979f:c832:3b1f";"2";"8";;"100";;"";"Школа и детский сад МИР";"МИ";"";"PoweredOn";""
"dbg_vm_komarov";"dbg-vm-komarov.gw-ad.local";"10.2.1.1|fe80::b551:f1ec:2afb:8b31|fe80::a5ba:bc86:53b2:251|172.18.38.243|192.168.0.100|fe80::31e1:4669:79a3:f8a7|169.254.248.167|172.18.9.200|fe80::550c:d655:2aed:c957|169.254.201.87|172.18.117.6|fe80::fc39:389a:22dc:81f4|172.18.39.254|172.18.22.243";"2";"8";;;"200";"";"АТЛАНТА";"К";"";"PoweredOn";""
"dbg-SCADA-BMC";"srvscadadbg.gw-ad.local";"172.18.5.54|172.18.42.11";"2";"8";;"1024";;"";"Курорт Доброград ООО";"АТК3";"";"PoweredOn";""
"dbg_profiles_move";"SRVPROF.gw-ad.local";"172.18.5.14|fe80::412b:5d38:61eb:4b45";"4";"4";;"700";;"";"Курорт Доброград";"АТ";"";"PoweredOn";""
"dbg-micros-01n_move";"dbg-micros-01.gw-ad.local";"172.18.5.28";"4";"6";;"300";;"";"Курорт Доброград";"АТ";"";"PoweredOn";""
"dbg_Asterisk03";"asteriskHOTEL";"";"4";"2";;"100";;"";"АТЛАНТА";"К";"";"PoweredOff";""
"dbg-lyrix";"dbg-lyrix.gw-ad.local";"";"4";"16";;;"300";"";"СЗ Доброград";"СЗД";"СКУД для КПП";"PoweredOff";""
"dbg_FidelioV8Home_move";"fidhom.gw-ad.local";"172.18.5.7|fe80::d0e9:ceb:4f2e:1949";"4";"6";;"300";;"";"Курорт Доброград";"АТ";"";"PoweredOn";""
"dbg_Asterisk03n";"asteriskHOTEL";"172.18.5.9|fe80::250:56ff:feae:65da|192.168.44.30|fe80::250:56ff:feae:a394";"4";"2";;"100";;"";"Курорт Доброград";"АТ";"";"PoweredOn";""
"dbg-radius-wifi-guest";"wnas";"172.18.5.31|fe80::250:56ff:fe85:1525|84.53.218.147|fe80::250:56ff:fe85:7992|10.255.0.1|fe80::250:56ff:fe85:4839|10.255.64.1|fe80::250:56ff:fe85:591b";"2";"1";;"150";;"";"Курорт Доброград";"АТ";"Сервер аутентификации гостевых пользователей Wi-Fi (от КовровТелеком).";"PoweredOn";""
"dbg_HotezaTV_korp_1";;"";"4";"8";;"1024";;"";"Курорт Доброград";"АТ";"";"PoweredOn";""
"dbg_FidelioV8PMS_move";"fidpms.gw-ad.local";"172.18.5.6";"4";"26";;"770";;"";"Курорт Доброград";"АТ";"";"PoweredOn";""
"dbg_smarthomePO_n";"srv-smarthomePO.gw-ad.local";"172.18.25.132";"4";"8";;"100";;"";"Курорт Доброград";"АТ";"";"PoweredOn";""
"dbg-zabbix-lvs";"dbg-zabbix-lvs";"172.18.5.33|fe80::250:56ff:feae:397f";"2";"4";;"350";;"";"Курорт Доброград";"АТ";"";"PoweredOn";""
"dbg-micros-03";"dbg-micros-03.gw-ad.local";"172.18.5.19";"4";"6";;"300";;"";"Курорт Доброград";"АТК3";"";"PoweredOn";""
"dbg-mir-nps-02";"mir-nps-02.mir.gw-ad.local";"169.254.38.193|172.18.110.5";"2";"8";;"100";;"";"Школа и детский сад МИР";"МИ";"";"PoweredOn";""
"dbg-radius-ent-01";"dbg-nps-1-wifi-enterprise.gw-ad.local";"172.18.5.35";"2";"4";;"100";;"";"Курорт Доброград";"АТ";"";"PoweredOn";""
"dbg-zabbix-servers";"dbg-zabbix-servers";"172.18.5.34";"2";"6";;"350";;"";"Курорт Доброград";"АТ";"Мониторинг серверной инфраструктуры и ИБП";"PoweredOn";""
"DBG-win10-test";"mir-pc-01";"";"4";"6";;"100";;"";"";"";"";"PoweredOff";""
"dbg_ROS_DUDE_n_move";"Dobrograd_dude";"172.18.5.22";"2";"2";;"40";;"";"Атланта";"К";"";"PoweredOn";""
"dbg-lyrix-sql";"dbg-lyrix-sql.gw-ad.local";"";"2";"64";;;"350";"";"СЗ Доброград";"СЗД";"";"PoweredOff";""
"dbg_ROS-DOBROGRAD-CAPSMAN-1_move";"ROS-DG-CAPSMAN-1";"172.18.0.240|172.18.28.254";"2";"4";;"0,125";;"";"Атланта";"К";"";"PoweredOn";""
"dbg-mir-ad-02";"mir-ad-02.mir.gw-ad.local";"172.18.110.3|fe80::250c:769e:ab23:4cc8";"6";"16";;"100";;"";"Школа и детский сад МИР";"МИ";"";"PoweredOn";""
"dbg_asterisk-hotel-k3";"asteriskHOTEL";"172.18.5.20|84.53.218.150|fe80::250:56ff:feae:709b|fe80::250:56ff:feae:8719|192.168.133.2|fe80::250:56ff:feae:42e";"4";"2";;"100";;"";"Курорт Доброград";"АТК3";"";"PoweredOn";""
"dbg_R-keeper";"rkeeperd.gw-ad.local";"172.18.5.11|fe80::8565:229f:8a4f:fb60";"4";"4";;"100";;"";"Курорт Доброград";"АТ";"";"PoweredOn";""
"dbg_hkac0053v2";;"";"4";"8";;;;"";"АТЛАНТА";"К";"";"PoweredOff";""
"dbg-skud-test";;"";"4";"6";;"100";;"";"Атланта";"К";"";"PoweredOff";""
"dbg-dhcp-01";"dbg-dhcp-01.gw-ad.local";"172.18.5.17|fe80::a5b0:b017:d7a7:5e65";"2";"8";;"100";;"";"Курорт Доброград";"АТ";"DHCP";"PoweredOn";""
"dbg_HotezaTV_korpus_3";"htz-ru-660-Dobrograd2";"172.18.5.41|fe80::250:56ff:feae:2d7a|172.18.7.3|fe80::250:56ff:feae:e52f|10.180.181.206|fe80::301e:59ff:febb:96e6|10.200.200.187|fe80::c8a2:c6ff:fe91:cc17";"4";"16";;"1024";;"";"Курорт Доброград ООО";"АТК3";"";"PoweredOn";""
"dbg_wifi-radius_n";;"";"2";"4,00390625";;;"20";"";"Атланта";"К";"";"PoweredOff";""
"dbg_HotezaTV_korp_3";;"";"4";"8";;;"1024";"";"";"";"";"PoweredOff";""
"dbg_Fidelio8sv_k3";"fidsvk3.gw-ad.local";"172.18.5.51";"8";"16";;"300";;"";"Курорт Доброград";"АТК3";"";"PoweredOn";""
"dbg-mir-nps-01";"mir-nps-01.mir.gw-ad.local";"172.18.110.4";"2";"8";;"100";;"";"Школа и детский сад МИР";"МИ";"";"PoweredOn";""
"dbg-podsvetka-01";"podsvetka_lesa";"172.18.255.251|fe80::c182:9072:d208:4da1";"2";"2";;"50";;"";"Курорт Доброград";"АТ";"";"PoweredOn";""
"dbg-lyrix-backup";"dbg-lyrix-backup.gw-ad.local";"";"4";"16";;;"300";"";"СЗ Доброград";"СЗД";"";"PoweredOff";""
"dbg-srv-dc-01";"WIN-MQCGTPTQEEP";"";"2";"8";;"100";;"";"АТ";"Курорт Доброград";"";"PoweredOff";""
"dbg_bastion";"bastiondbg.gw-ad.local";"172.18.5.15";"4";"8";;"1600";;"";"Атланта";"К";"";"PoweredOn";""
"dbg-mir-dhcp-02";"mir-dhcp-02.mir.gw-ad.local";"169.254.79.220|172.18.110.7";"2";"8";;"100";;"";"Школа и детский сад МИР";"МИ";"";"PoweredOn";""
"dbg_qgis";"dbgqgis";"172.18.5.53|fe80::250:56ff:feae:795a";"8";"16";;;"500";"";"Градострой";"ХК";"";"PoweredOn";""
"dbg_temp_move";"DBGTEMP.gw-ad.local";"";"4";"4";;"400";;"";"Атланта";"К";"";"PoweredOff";""
"dbg-biotime_move";"srv-biotime.gw-ad.local";"172.18.5.37|fe80::588e:2527:b43a:e4e7";"4";"8";;"200";;"";"Курорт Доброград";"АТ";"";"PoweredOn";""
"dbg-vm-light_n";;"";"4";"16";;"931,509765625";;"";"СЗ Доброград";"СЗД";"";"PoweredOn";""
"dbg-keyotel_move";"KEYOTEL.gw-ad.local";"172.18.5.13";"4";"4";;"200";;"";"Курорт Доброград";"АТ";"";"PoweredOn";""
"dbg_Fidelio8PMS_k3";"fidpmsk3.gw-ad.local";"172.18.5.52";"4";"26";;"770";;"";"Курорт Доброград";"АТК3";"";"PoweredOn";""
"dbg-mir-lvs";"mir-lvs.mir.gw-ad.local";"172.18.110.10|fe80::2395:1b08:3f79:a81f|fe80::9ff3:beb8:ea1e:1af8|172.18.112.19|fe80::6f71:9a5a:abb1:7f7c|192.168.192.167";"2";"4";;"200";;"";" Школа и детский сад МИР";"МИ";"";"PoweredOn";""
"dbg-radius-ent-02";"dbg-nps-2-wifi-enterprise.gw-ad.local";"172.18.5.36";"2";"4";;"100";;"";"Курорт Доброград";"АТ";"";"PoweredOn";""
"mis-srv-dc-05";"mis-srv-dc-05.gw-ad.local";"192.168.47.2";"4";"10";;"100";;"";"ПКМЦ";"АМС";"Infrastructure master";"PoweredOn";""
"mis-vp_ISpace";"MISVP.gw-ad.local";"192.168.40.21";"4";"8";;"700";;"";"ПКМЦ";"АМС";"";"PoweredOn";""
"mis-softrust";"mis-softrust.gw-ad.local";"10.133.160.5|192.168.47.31";"8";"20";"200";;;"";"ПКМЦ";"АМС";"";"PoweredOn";""
"mis-radius-ent-02";"mis-nps-2-wifi-enterprise.gw-ad.local";"192.168.47.65";"2";"4";;"100";;"";"Атланта";"К";"";"PoweredOn";""
"mis-dhcp-01";"mis-dhcp-01.gw-ad.local";"192.168.47.73|fe80::c8eb:93a7:59c8:7523";"2";"8";;"100";;"";"ПКМЦ";"АМС";"dhcp";"PoweredOn";""
"mis-rt-01";"mis-rt-01.gw-ad.local";"192.168.47.37|fe80::244d:bef3:7a9e:4b7c|10.133.160.6|fe80::bc77:3df3:3395:695c";"2";"4";;"200";;"";"";"";"";"PoweredOn";""
"mis-win2k8r2-web";"miswinweb.gw-ad.local";"10.109.0.170|fe80::193:e58a:d5e8:847d|fe80::f479:fec8:720e:8947|10.100.10.33|fe80::9cb9:b076:1db5:ba59|192.168.47.7";"2";"8";;"200";;"";"ПКМЦ";"АМС";"";"PoweredOn";""
"mis-medbase";"mis-medbase.gw-ad.local";"192.168.47.21";"6";"8";;"100";;"";"ПКМЦ";"АМС";"";"PoweredOn";""
"mis-radius-ent-01";"mis-nps-1-wifi-enterprise.gw-ad.local";"192.168.47.64";"2";"4";;"100";;"";"ПКМЦ";"АМС";"";"PoweredOn";""
"mis-vpacs01";"misvp01.gw-ad.local";"192.168.40.22";"4";"6";;"200";;"";"ПКМЦ";"АМС";"";"PoweredOn";""
"mis-bd-analitic";"mis-bd-analitic.gw-ad.local";"192.168.47.30";"4";"8";;"670";;"";"ПКМЦ";"АМС";"";"PoweredOn";""
"mis-ts02-old";"mists02.gw-ad.local";"192.168.47.11";"16";"58";;"280";;"";"ПКМЦ";"АМС";"";"PoweredOn";""
"mis-vpacs02";"MISVP02.gw-ad.local";"192.168.40.23";"4";"6";;"200";;"";"ПКМЦ";"АМС";"";"PoweredOn";""
"mis-holtds";"HOLTDS.gw-ad.local";"192.168.40.121";"4";"4";;"200";;"";"ПКМЦ";"АМС";"";"PoweredOn";""
"mis-srv-dc-02";"mis-srv-dc-02.gw-ad.local";"192.168.47.74";"4";"10";;"100";;"";"ПКМЦ";"АМС";"Infrastructure master";"PoweredOn";""
"mis-srv-dc-06";"mis-srv-dc-06.gw-ad.local";"192.168.47.3";"4";"10";;"100";;"";"ПКМЦ";"АМС";"Infrastructure master";"PoweredOn";""
"pkmc-exch-mbx-32";"exch-mbx-32.gw-ad.local";"192.168.47.72";"12";"22";;"1200";;"";"ПКМЦ";"АМС";"Exchange New 2";"PoweredOn";""
"mis_FSS_ELN";"MIS_FSS_ELN.gw-ad.local";"192.168.47.36|fe80::8d4a:240a:2ab5:9ee9";"2";"4";;"200";;"";"ПКМЦ";"АМС";"";"PoweredOn";""
"mis-srv-dc-04";"mis-srv-dc-04.gw-ad.local";"192.168.47.76";"4";"10";;"100";;"";"ПКМЦ";"АМС";"Infrastructure master";"PoweredOn";""
"mis-brok";"misbrok.gw-ad.local";"192.168.47.9";"4";"4";;"200";;"";"ПКМЦ";"АМС";"";"PoweredOn";""
"mis-web_clinicalcenter";"localhost.localdomain";"";"2";"2";;"100";;"";"ПКМЦ";"АМС";"";"PoweredOff";""
"win7ADCentral";;"";"1";"1";;;;"";"Атланта";"К";"";"PoweredOff";""
"mis-infc";;"";"4";"4";;;"200";"";"ПКМЦ";"АМС";"";"PoweredOff";""
"mis-dhcp-02";"mis-dhcp-02.gw-ad.local";"192.168.47.77|fe80::bd87:bf77:6a86:6646";"2";"8";;;;"";"ПКМЦ";"АМС";"dhcp";"PoweredOn";""
"mis-BackupStorage";;"";"4";"8";;;"100";"";"ПКМЦ";"АМС";"";"PoweredOff";""
"test1111";;"";"3";"4";;;"50";"";"";"";"";"PoweredOff";""
"mis-exch_DAG";"dagmis.gw-ad.local";"";"2";"4";;;"200";"";"ПКМЦ";"АМС";"";"PoweredOff";""
"mis-db-test2";"mis-db-test.gw-ad.local";"192.168.47.17";"4";"16";;"1500";;"";"ПКМЦ";"АМС";"";"PoweredOn";""
"mis-exch_CAS2";"cas02.gw-ad.local";"";"6";"12";;;"200";"";"ПКМЦ";"АМС";"";"PoweredOff";""
"mis-ts04";"mists04.gw-ad.local";"";"16";"52";;"200";;"";"ПКМЦ";"АМС";"";"PoweredOff";""
"mis-forum";"MISFORUM.gw-ad.local";"192.168.40.120";"4";"10";;"800";;"";"ПКМЦ";"АМС";"";"PoweredOn";""
"MIS-SERVICE";;"";"4";"8";;"200";;"";"";"";"";"PoweredOn";""
"MIS-CBD";;"";"4";"16";;"200";;"";"";"";"";"PoweredOn";""
"mis-pkmc-apteka";"mis-pkmc-apteka.gw-ad.local";"192.168.47.38";"4";"6";;"600";;"";"ПКМЦ";"АМС";"";"PoweredOn";""
"mis-ts03n";"MISTS03.gw-ad.local";"192.168.47.12";"12";"44";;"300";;"";"ПКМЦ";"АМС";"";"PoweredOn";""
"mis-MikroTik_VPN";"ROS-KVR-VPN_PKMC_USERS-1";"192.168.47.59|185.189.16.121";"1";"0,125";;"0,125";;"";"ПКМЦ";"АМС";"";"PoweredOn";""
"mis-bd";"mis-bd.gw-ad.local";"10.100.10.33|fe80::d68:87a0:d28:9a32|192.168.47.6";"16";"82";"700";"1490";;"";"ПКМЦ";"АМС";"";"PoweredOn";""
"mis-egisz";"misegisz.gw-ad.local";"192.168.47.22";"4";"4";;"200";;"";"ПКМЦ";"АМС";"";"PoweredOn";""
"ftp_pkmc";"ftppkmc.gw-ad.local";"";"4";"4";;"100";;"";"ПКМЦ";"АМС";"";"PoweredOff";""
"asteriskOdKovrov";;"";"1";"2";;"50";;"";"Атланта";"К";"";"PoweredOff";""
"OS X 10.8 Mountain Lion";;"";"6";"12";;;"150";"";"Атланта";"К";"";"PoweredOff";""
"mis-vpacs02-old";"MISVP02.gw-ad.local";"";"4";"6";;;"200";"";"ПКМЦ";"АМС";"";"PoweredOff";""
"mis-asterisk-2020";;"";"12";"16";"100";;;"";"ПКМЦ";"АМС";"";"PoweredOff";""
"mis-exch_MB3";;"";"4";"40";;;"1420";"";"ПКМЦ";"АМС";"";"PoweredOff";""
"mis-KT-bd_HOLTBD";"HOLTBD";"192.168.40.25";"6";"8";;"3800";;"";"ПКМЦ";"АМС";"";"PoweredOn";""
"mis-bc";"mis-bc.gw-ad.local";"10.100.10.33|fe80::7951:63e3:90d7:d126|192.168.47.5";"4";"2";;"850";;"";"ПКМЦ";"АМС";"";"PoweredOn";""
"mis-share";"misshare.gw-ad.local";"192.168.47.25";"6";"6";;"5222";;"";"ПКМЦ";"АМС";"";"PoweredOn";""
"mis-ts01";"MISTS01.gw-ad.local";"192.168.47.10";"16";"52";;"280";;"";"ПКМЦ";"АМС";"";"PoweredOn";""
"mis-vpacs03";"MISVP03.gw-ad.local";"192.168.40.26";"4";"4";;"200";;"";"ПКМЦ";"АМС";"";"PoweredOn";""
"mis-kas-01";"mis-kas-01.gw-ad.local";"192.168.47.60";"4";"10";;"200";;"";"ПКМЦ";"АМС";"";"PoweredOn";""
"BackupProxies047";"bproxy047.gw-ad.local";"192.168.47.55";"8";"10";;"200";;"";"АТЛАНТА";"К";"Backup";"PoweredOn";"SmetaninAV"
"pkmc-exch-mbx-31";"exch-mbx-31.gw-ad.local";"192.168.47.71";"12";"28";;"1840";;"";"ПКМЦ";"АМС";"exhange 2016";"PoweredOn";""
"mis-OLAP";"MISOLAP.gw-ad.local";"192.168.47.26";"4";"20";;"200";;"";"ПКМЦ";"АМС";"";"PoweredOn";""
"mis-skud-01";"mis-skud-01.gw-ad.local";"172.30.3.10";"2";"4";;"100";;"";"ПКМЦ";"АМС";"";"PoweredOn";""
"pkmc-zabbix-lvs";"pkmc-zabbix-lvs";"192.168.47.66";"2";"4";;"150";;"";"Атланта";"К";"";"PoweredOn";""
"store-backup-pkmc";;"";"2";"6";;;"3872";"3772";"ПКМЦ";"АМС";"";"PoweredOff";""
"mis-vpacs04";"MISVP04.gw-ad.local";"192.168.40.34";"4";"6";;;;"";"ПКМЦ";"АМС";"";"PoweredOn";""
"mis-infinity01";;"";"8";"12";;;"800";"";"ПКМЦ";"АМС";"";"PoweredOff";""
"mis-DICOM";"MISDICOM.gw-ad.local";"192.168.47.50|192.168.40.20";"6";"6";;"2448";;"";"ПКМЦ";"АМС";"";"PoweredOn";""
"MedDream";"MedDream.gw-ad.local";"";"4";"4";;;"500";"";"ПКМЦ";"АМС";"";"PoweredOff";""
"MIS-PKMC";;"";"4";"16";;"200";;"";"";"";"";"PoweredOn";""
"mis-exch_HT2";"HT02.gw-ad.local";"";"4";"4";;;"200";"";"ПКМЦ";"АМС";"";"PoweredOff";""
"mis-Cleverens-1c";;"";"4";"4";;;"200";"";"ПКМЦ";"АМС";"";"PoweredOff";""
"mis-hasp01";"mishasp01.gw-ad.local";"";"4";"2";;;;"";"ПКМЦ";"АМС";"";"PoweredOff";""
"mis-vpn_csp_win7";;"";"1";"2";;;;"";"ПКМЦ";"АМС";"";"PoweredOff";""
"mis-PACS-Linux";;"";"4";"8";;;"620";"";"ПКМЦ";"АМС";"";"PoweredOff";""
"mis-hasp02";"mishasp01";"";"4";"2";;;;"";"ПКМЦ";"АМС";"";"PoweredOff";""
"mis-infinity-03new";;"";"6";"8";;"1100";;"";"ПКМЦ";"АМС";"";"PoweredOff";""
"misPacs-Ubuntu";;"";"2";"4";;;"100";"";"ПКМЦ";"АМС";"";"PoweredOff";""
"ltv-pmt-1c-mssql-11-pmt";"1c-mssql-11-pmt.gw-ad.local";"192.168.254.190";"48";"1024";"23800";"4600";"";"";"Литвуд";"ЛН";"MS SQL";"PoweredOn";""
"ltv-pmt-1c-app-13-pmt";"1c-app-13-pmt.gw-ad.local";"192.168.254.205";"48";"191";"400";"977";"";"";"Литвуд";"ЛН";"1C APP";"PoweredOn";""
"ltv-pmt-1c-app-15-pmt";"1c-app-13-pmt.gw-ad.local";"192.168.254.206";"48";"256";"850";"560";"";"";"Литвуд";"ЛН";"1C APP";"PoweredOn";""
"ask-asbap-pa";"vm-cognos-pa.hcaskona.com";"192.168.10.41";"20";"352";"800";"";"";"";"Аскона-Век";"АВ-БСП";"Cognos";"PoweredOn";""
